site,tree_id,species,x_coord,y_coord,dbh_cm,samples,notes_livebiomass,scan_direction,residrill_notes,resi_error_msg,species_matched,key,resi_id,depth_v,abs_diff,bark,list_id,length_used,fix_lenght,fix_beginning,location_beg,fix_end,location_end,fix_knee,knee,exclude,comments,damage_d,area_damage,linear_damage,sampled_stem,undamaged,damage_d_area,undamaged_area,damage_d_half,undamaged_half,damage_binary,n,latitude,longitude,temp,prec,aridity,prec_90m,Site,damage,wood_density
dro,31,Acacia_celsa,5.4,13.2,99,S,NA,NA,NA,NA,Racosperma celsum,v3,55,47.86,51.14,24.942767367291083,105,0.81,1,0,NA,0,NA,0,NA,0,NA,10,0.03417204038333753,0.04929292929292929,48.343434343434346,90,3,97,4,96,1,1,-16.10158,145.44453,23.6,1980,20.323,4458,Rf2,10,0.5748500000000001
dro,46,Antirhea_tenuiflora,46.7,25.7,11.8,S,NA,NA,NA,NA,Antirhea tenuiflora,v1,70,12.98,-1.1799999999999997,5.627524638551044,1,0.51,0,1,117,0,NA,0,NA,0,NA,0,0,0,100,100,0,100,0,100,0,1,-16.10158,145.44453,23.6,1980,20.323,4458,Rf2,10,0.6663
dro,23,Austromuellera_trinervia,34.1,17.7,18.8,S,NA,NA,NA,NA,Austromuellera trinervia,v1,75,21.05,-2.25,7.796694087257499,3,0.61,1,1,123,0,NA,0,NA,0,NA,0,0,0,100,100,0,100,0,100,0,3,-16.10158,145.44453,23.6,1980,20.323,4458,Rf2,10,0.5940449999999999
dro,40,Austromuellera_trinervia,22,22.9,40.2,S,NA,W to E,through,NA,Austromuellera trinervia,v1,96,44.75,-4.549999999999997,13.27266818304221,4,0.51,0,1,152,0,NA,0,NA,0,NA,11,0.01368502723326679,0.09676616915422886,100,89,1,99,9,91,1,3,-16.10158,145.44453,23.6,1980,20.323,4458,Rf2,10,0.5940449999999999
dro,68,Austromuellera_trinervia,29.5,48.4,14.7,S,NA,E to W,"Austromuellera (or similar), splits widen at 5m, otherwise nice looking tree",NA,Austromuellera trinervia,v1,126,14.53,0.16999999999999993,6.563298164897757,2,0.8,1,0,NA,0,NA,0,NA,0,NA,14,0,0,98.843537414966,86,0,100,0,100,1,3,-16.10158,145.44453,23.6,1980,20.323,4458,Rf2,10,0.5940449999999999
dro,8,Brombya_platynema,32.1,6.4,11.7,S,NA,NA,NA,NA,Melicope platynema,v1,44,12.68,-0.9800000000000004,5.594098424402807,90,0.51,0,1,97,0,NA,0,NA,0,NA,13,0,0,100,87,0,100,0,100,1,4,-16.10158,145.44453,23.6,1980,20.323,4458,Rf2,10,0.5609850000000001
dro,47,Brombya_platynema,42.6,23.3,10.2,S,NA,NA,NA,NA,Melicope platynema,v2,69,10.31,-0.11000000000000121,5.081829853957271,88,0.81,1,1,48,0,NA,0,NA,0,NA,0,0.1176608384400592,0.05686274509803921,100,100,11,89,5,95,0,4,-16.10158,145.44453,23.6,1980,20.323,4458,Rf2,10,0.5609850000000001
dro,62,Brombya_platynema,15.2,40.1,11.6,S,NA,S to N,"through, small tree nice, slight flutting",NA,Melicope platynema,v1,104,11.84,-0.2400000000000002,5.560586390833662,89,0.51,0,0,NA,0,NA,0,NA,0,NA,20,0,0,100,80,0,100,0,100,1,4,-16.10158,145.44453,23.6,1980,20.323,4458,Rf2,10,0.5609850000000001
dro,71,Brombya_platynema,38.8,46.6,12.7,S,NA,N to S,branch broken off 30cm AB DBH of trace evidence rot,NA,Melicope platynema,v2,129,12,0.6999999999999993,5.924648707708066,92,0.81,1,1,15,0,NA,0,NA,0,NA,25,0,0,94.48818897637796,75,0,100,0,100,1,4,-16.10158,145.44453,23.6,1980,20.323,4458,Rf2,10,0.5609850000000001
dro,55,Carnarvonia_araliifolia,34.2,44.3,30.3,S,NA,NA,"evidence of folds and overgrow, hollow and adventitituos sprouts",NA,Carnarvonia araliifolia,v1,125,27.3,3,10.889547658569471,5,0.51,0,0,NA,0,NA,0,NA,0,NA,0,0,0,90.0990099009901,100,0,100,0,100,0,6,-16.10158,145.44453,23.6,1980,20.323,4458,Rf2,10,0.5855225
dro,66,Carnarvonia_araliifolia,7.4,49.8,32,S,NA,NA,"some evidence of split/scar, may show evidence of decay",NA,Carnarvonia araliifolia,v1,109,30.51,1.4899999999999984,11.31370849898476,6,0.61,1,0,NA,0,NA,0,NA,0,NA,10,0.00194174250510881,0.019375,95.34375,90,0,100,1,99,1,6,-16.10158,145.44453,23.6,1980,20.323,4458,Rf2,10,0.5855225
dro,76,Carnarvonia_araliifolia,11,43.3,37.5,NA,NA,E to W,"Diameter uneven, some evidence of cleft and fold ‘weeping’ higher up",NA,Carnarvonia araliifolia,v1,106,41.38,-3.8800000000000026,12.642177609127206,7,0.71,1,0,NA,0,NA,0,NA,0,NA,0,0,0,100,100,0,100,0,100,0,6,-16.10158,145.44453,23.6,1980,20.323,4458,Rf2,10,0.5855225
dro,77,Carnarvonia_araliifolia,8.8,48.6,43.5,NA,NA,NA,nice looking big tree,NA,Carnarvonia araliifolia,v1,108,43.65,-0.14999999999999858,14.026279212070797,8,0.81,1,0,NA,1,4139,0,NA,0,NA,0,0,0,100,100,0,100,0,100,0,6,-16.10158,145.44453,23.6,1980,20.323,4458,Rf2,10,0.5855225
dro,79,Carnarvonia_araliifolia,22.5,39,61,NA,NA,N to S,"large tree some evidence of hole between roots, fold and overgrow, looks solid",NA,Carnarvonia araliifolia,v1,117,46.24,14.759999999999998,17.77177820411656,9,0.51,0,0,NA,0,NA,0,NA,0,potential mismatch btw tree id and resi id or wrong dbh,0,0,0,100,100,0,100,0,100,0,6,-16.10158,145.44453,23.6,1980,20.323,4458,Rf2,10,0.5855225
dro,80,Carnarvonia_araliifolia,46.3,29.1,72.5,NA,NA,NA,"autoretract for 134, 135, 136, big tree, probably hollow; evidence of cleft over",NA,Carnarvonia araliifolia,v3,136,17.31,55.19,20.055643657111638,12,0.51,0,0,NA,0,NA,0,NA,0,NA,0,0.2744379691047045,0.15655172413793103,23.875862068965514,100,27,73,15,85,0,6,-16.10158,145.44453,23.6,1980,20.323,4458,Rf2,10,0.5855225
dro,72,Celtis_paniculata,41.6,48.4,10.8,S,NA,S to N,some minor evidence of root damage,NA,Celtis paniculata,v1,131,11.42,-0.6199999999999992,5.289280862915796,13,0.51,0,1,72,0,NA,0,NA,0,NA,0,0,0,100,100,0,100,0,100,0,1,-16.10158,145.44453,23.6,1980,20.323,4458,Rf2,10,0.6095008333333334
dro,48,Cerbera_floribunda,45.7,32.6,27.2,S,NA,N to S,"nice looking tree, latex",NA,Cerbera floribunda,v1,133,26.1,1.0999999999999979,10.097136626351233,14,0.51,0,0,NA,0,NA,0,NA,0,NA,0,0,0,95.95588235294117,100,0,100,0,100,0,1,-16.10158,145.44453,23.6,1980,20.323,4458,Rf2,10,0.44476
dro,70,Cryptocarya_hypospodia,40.2,48.8,34.3,S,NA,E to W,"top broken off (10cm), but rest alive evidence of decay at this, old termite runways on bar",NA,Cryptocarya hypospodia,v1,130,34.7,-0.4000000000000057,11.876976140653865,15,0.51,0,1,302,1,3262,0,NA,0,NA,18,0.01279094286248058,0.06588921282798835,100,82,1,99,6,94,1,1,-16.10158,145.44453,23.6,1980,20.323,4458,Rf2,10,0.596936
dro,63,Cryptocarya_mackinnoniana,8,38.4,25.1,S,NA,W to E,nice looking tree,NA,Cryptocarya mackinnoniana,v1,105,28.34,-3.2399999999999984,9.544904885681948,16,0.51,0,0,NA,1,2269,0,NA,0,NA,0,0,0,100,100,0,100,0,100,0,1,-16.10158,145.44453,23.6,1980,20.323,4458,Rf2,10,0.6498410195925927
dro,29,Decaspermum_humile,10.1,12.5,35.7,S,NA,N to S,"scan 88 got to 30cm before retracting, 89 - through, evidence maybe of soft ___. Repeat form yesterday with high revolution",NA,Decaspermum humile,v5,89,37.15,-1.4499999999999957,12.214276617852667,21,0.11,1,0,NA,1,3202,0,NA,0,NA,85,0.05802979922611762,0.1700280112044818,100,15,5,95,17,83,1,1,-16.10158,145.44453,23.6,1980,20.323,4458,Rf2,10,0.68892875
dro,22,Emmenosperma_cunninghamii,36.3,14.6,16.7,S,NA,NA,"76 - misfire and no obvious signs of damage, 77 - through -resin on needle",NA,Emmenosperma cunninghamii,v2,77,18.83,-2.129999999999999,7.1763155990913345,23,0.91,1,0,NA,0,NA,0,NA,0,NA,0,0,0,100,100,0,100,0,100,0,1,-16.10158,145.44453,23.6,1980,20.323,4458,Rf2,10,0.6339
dro,34,Endiandra_impressicosta,5.5,18.9,11,S,NA,S to N,"pop bark,  nice looking small tree",NA,Endiandra impressicosta,v1,90,10.85,0.15000000000000036,5.357656669484113,28,0.51,0,0,NA,0,NA,0,NA,0,NA,0,0,0,98.63636363636364,100,0,100,0,100,0,1,-16.10158,145.44453,23.6,1980,20.323,4458,Rf2,10,0.6825
dro,82,Endiandra_microneura,37.7,18.5,62.9,NA,NA,W to E,"nice looking tree, drawing",NA,Endiandra microneura,v1,138,50.15,12.75,18.157474871785773,29,0.51,0,0,NA,0,NA,0,NA,0,NA,19,0,0,79.72972972972973,81,0,100,0,100,1,1,-16.10158,145.44453,23.6,1980,20.323,4458,Rf2,10,0.6527499999999999
dro,32,Endiandra_monothyra,2.1,15.2,21,S,NA,NA,NA,NA,Endiandra monothyra,v1,56,22.21,-1.2100000000000009,8.424681795174461,30,0.71,1,1,111,0,NA,0,NA,0,NA,6,0,0,100,94,0,100,0,100,1,2,-16.10158,145.44453,23.6,1980,20.323,4458,Rf2,10,0.65125
dro,64,Fagraea_cambagei,13.2,36,14.3,S,NA,S to N,"flaky bark hard sounding wood, through",NA,Fagraea gracilipes,v1,103,13.73,0.5700000000000003,6.4377665830141755,31,0.81,1,1,74,0,NA,0,NA,0,NA,0,0,0,96.01398601398601,100,0,100,0,100,0,1,-16.10158,145.44453,23.6,1980,20.323,4458,Rf2,10,0.79298998266
dro,6,Flindersia_bourjotiana,35,0.1,29.5,S,NA,NA,NA,NA,Flindersia bourjotiana,v1,43,29.2,0.3000000000000007,10.687482366485604,32,0.51,0,0,NA,1,2686,0,NA,0,NA,0,0,0,98.98305084745763,100,0,100,0,100,0,5,-16.10158,145.44453,23.6,1980,20.323,4458,Rf2,10,0.5350248889166667
dro,19,Flindersia_bourjotiana,41.5,15.1,45,S,NA,NA,"external damage, 64 from S shows extensive hollow nature >10 cm rot, from N shows extensive hollow after 7cm, 65 - aborted, 66 - shows evidence of hollow",NA,Flindersia bourjotiana,v1,64,20.4,24.6,14.363119032269166,33,0.51,0,0,NA,0,NA,0,NA,0,NA,0,0.319015440800088,0.32911111111111113,45.33333333333333,100,31,69,32,68,0,5,-16.10158,145.44453,23.6,1980,20.323,4458,Rf2,10,0.5350248889166667
dro,49,Flindersia_bourjotiana,39.2,35.7,48.5,S,NA,N to S,"large tree, evidence of rotten roots at base, cracks in bark",NA,Flindersia bourjotiana,v1,122,47.41,1.0900000000000034,15.136282232284653,36,0.51,0,1,375,1,4443,0,NA,0,NA,42,0.1679011208177256,0.31896907216494846,97.75257731958763,58,16,84,31,69,1,5,-16.10158,145.44453,23.6,1980,20.323,4458,Rf2,10,0.5350248889166667
dro,52,Flindersia_bourjotiana,32.9,30.4,52.5,S,NA,N to S,some evidence of barriling,NA,Flindersia bourjotiana,v1,120,47.6,4.899999999999999,15.999687946699451,38,0.51,0,1,267,1,4353,0,NA,0,NA,30,0.07838047210713042,0.1779047619047619,90.66666666666667,70,7,93,17,83,1,5,-16.10158,145.44453,23.6,1980,20.323,4458,Rf2,10,0.5350248889166667
dro,81,Flindersia_bourjotiana,41.5,17.9,52.4,NA,NA,S to N,"some hollows around roots, slight bark crack; complete needle run",NA,Flindersia bourjotiana,v1,137,50.15,2.25,15.978348929281557,37,0.71,1,1,281,0,NA,0,NA,0,NA,32,0.00184458541944225,0.01641221374045801,95.70610687022901,68,0,100,1,99,1,5,-16.10158,145.44453,23.6,1980,20.323,4458,Rf2,10,0.5350248889166667
dro,33,Garcinia_warrenii,3.2,18.9,16.8,S,NA,NA,86 - retract,NA,Garcinia warrenii,v2,87,17.84,-1.0399999999999991,7.206369015453127,40,0.51,0,1,113,0,NA,0,NA,0,NA,3,0,0,100,97,0,100,0,100,1,1,-16.10158,145.44453,23.6,1980,20.323,4458,Rf2,10,0.7951
dro,30,Gardenia_ovularis,10.1,10.7,12,S,NA,NA,NA,NA,Gardenia ovularis,v1,57,12.27,-0.2699999999999996,5.69412336751626,41,0.91,1,1,69,0,NA,0,NA,0,NA,0,0,0,100,100,0,100,0,100,0,1,-16.10158,145.44453,23.6,1980,20.323,4458,Rf2,10,0.7164625
dro,56,Gomphandra_australiana,24.3,39.7,12.5,S,NA,NA,NA,NA,Gomphandra australiana,v1,118,12.89,-0.39000000000000057,5.859182278980248,42,0.51,0,1,110,0,NA,0,NA,0,NA,0,0,0,100,100,0,100,0,100,0,1,-16.10158,145.44453,23.6,1980,20.323,4458,Rf2,10,0.46874
dro,45,Grevillea_baileyana,38.1,25.1,45.1,S,NA,NA,NA,NA,Grevillea baileyana,v1,71,38.59,6.509999999999998,14.385454221494275,43,0.51,0,0,NA,1,3701,0,NA,0,NA,0,0,0,100,100,0,100,0,100,0,1,-16.10158,145.44453,23.6,1980,20.323,4458,Rf2,10,0.7890766666666666
dro,9,Licuala_ramsayi,33.3,10.5,18,S,NA,NA,NA,NA,Licuala ramsayi,v1,78,16.56,1.4400000000000013,7.56294171712541,56,0.81,1,0,NA,1,1340,0,NA,0,NA,0,0,0,91.99999999999999,100,0,100,0,100,0,10,-16.10158,145.44453,23.6,1980,20.323,4458,Rf2,10,0.6602
dro,16,Licuala_ramsayi,1.5,2,11.5,S,NA,NA,not complete but good ____,NA,Licuala ramsayi,v1,52,11.11,0.39000000000000057,5.526987574805708,44,0.51,0,0,NA,0,NA,0,NA,0,NA,0,0,0,96.6086956521739,100,0,100,0,100,0,10,-16.10158,145.44453,23.6,1980,20.323,4458,Rf2,10,0.6602
dro,20,Licuala_ramsayi,43,18.6,12.8,S,NA,NA,palm evidence of low density middle,NA,Licuala ramsayi,v1,67,13.42,-0.6199999999999992,5.957265813235422,46,0.51,0,0,NA,0,NA,0,NA,0,NA,0,0,0,100,100,0,100,0,100,0,10,-16.10158,145.44453,23.6,1980,20.323,4458,Rf2,10,0.6602
dro,27,Licuala_ramsayi,15.7,16.5,12.9,S,NA,E to W,palm - low density interior,NA,Licuala ramsayi,v1,82,13.12,-0.21999999999999886,5.989806561045075,47,0.51,0,0,NA,0,NA,0,NA,0,NA,0,0,0,100,100,0,100,0,100,0,10,-16.10158,145.44453,23.6,1980,20.323,4458,Rf2,10,0.6602
dro,41,Licuala_ramsayi,19,28.6,13,S,NA,W to E,"98 - aborted, 99 - aborted, fan palm apparent;y hollow",NA,Licuala ramsayi,v3,100,13.28,-0.27999999999999936,6.022271719754773,50,0.51,0,0,NA,0,NA,0,NA,0,NA,0,0,0,100,100,0,100,0,100,0,10,-16.10158,145.44453,23.6,1980,20.323,4458,Rf2,10,0.6602
dro,57,Licuala_ramsayi,22.8,46.1,13.7,S,NA,E to W,"slightly lower than DBH, soft but still present, some outer bark damage",NA,Licuala ramsayi,v1,113,14.1,-0.40000000000000036,6.247473131165166,54,0.61,1,0,NA,0,NA,0,NA,0,NA,0,0,0,100,100,0,100,0,100,0,10,-16.10158,145.44453,23.6,1980,20.323,4458,Rf2,10,0.6602
dro,59,Licuala_ramsayi,19.6,46.6,13.6,S,NA,"110 - N to S, 111 E to W","palm, hollow caused needle retraction",NA,Licuala ramsayi,v1,110,10.95,2.6500000000000004,6.215516674156329,52,0.51,0,0,NA,0,NA,0,NA,0,NA,0,0,0,80.51470588235294,100,0,100,0,100,0,10,-16.10158,145.44453,23.6,1980,20.323,4458,Rf2,10,0.6602
dro,60,Licuala_ramsayi,19.9,45,12.4,S,NA,NA,"palm, seemingly old / hollow, see 59, interior soft",NA,Licuala ramsayi,v1,112,12.89,-0.4900000000000002,5.82633134738632,45,0.51,0,0,NA,0,NA,0,NA,0,NA,0,0,0,100,100,0,100,0,100,0,10,-16.10158,145.44453,23.6,1980,20.323,4458,Rf2,10,0.6602
dro,65,Licuala_ramsayi,8.4,47.1,13.1,S,NA,N to S,"palm, new hollow",NA,Licuala ramsayi,v1,107,13.89,-0.7900000000000009,6.054662044398935,51,0.51,0,0,NA,0,NA,0,NA,0,NA,0,0,0,100,100,0,100,0,100,0,10,-16.10158,145.44453,23.6,1980,20.323,4458,Rf2,10,0.6602
dro,73,Licuala_ramsayi,45.1,43.6,15.5,S,NA,E to W,"fan palm, auto retraction after",NA,Licuala ramsayi,v1,132,12.93,2.5700000000000003,6.811334186429172,55,0.51,0,0,NA,0,NA,0,NA,0,NA,0,0,0,83.41935483870968,100,0,100,0,100,0,10,-16.10158,145.44453,23.6,1980,20.323,4458,Rf2,10,0.6602
dro,14,Litsea_fawcettiana,6.9,1.4,20,S,NA,NA,NA,NA,Litsea fawcettiana,v1,50,20.92,-0.9200000000000017,8.141810630738087,57,0.51,0,0,NA,0,NA,0,NA,0,NA,40,0,0,100,60,0,100,0,100,1,1,-16.10158,145.44453,23.6,1980,20.323,4458,Rf2,10,0.5113
dro,37,Litsea_leefeana,1.2,28.2,10.9,S,NA,S to N,nice looking small tree,NA,Litsea leefeana,v1,91,10.87,0.030000000000001137,5.32351581450259,58,0.71,1,0,NA,0,NA,0,NA,0,NA,0,0,0,99.72477064220183,100,0,100,0,100,0,2,-16.10158,145.44453,23.6,1980,20.323,4458,Rf2,10,0.4270594375
dro,3,Macaranga_subdentata,40.5,8.4,11,S,NA,NA,"if diameter wrong, then check it does not match 4",NA,Macaranga subdentata,v1,40,12.34,-1.3399999999999999,5.357656669484113,60,0.91,1,0,NA,0,NA,0,NA,0,NA,0,0,0,100,100,0,100,0,100,0,18,-16.10158,145.44453,23.6,1980,20.323,4458,Rf2,10,0.4320000000000001
dro,5,Macaranga_subdentata,42.6,9.2,11.2,S,NA,NA,NA,NA,Macaranga subdentata,v1,61,13.77,-2.5700000000000003,5.425660508915484,61,0.51,0,0,NA,0,NA,0,NA,0,NA,28,0.2345208009766318,0.35982142857142857,100,72,23,77,35,65,1,18,-16.10158,145.44453,23.6,1980,20.323,4458,Rf2,10,0.4320000000000001
dro,11,Macaranga_subdentata,32.5,5.8,16.4,NA,NA,NA,NA,NA,Macaranga subdentata,v1,46,15.62,0.7799999999999994,7.085829427420464,71,0.51,0,0,NA,0,NA,0,NA,0,NA,29,0.10336088888888888,0.2079268292682927,95.2439024390244,71,10,90,20,80,1,18,-16.10158,145.44453,23.6,1980,20.323,4458,Rf2,10,0.4320000000000001
dro,12,Macaranga_subdentata,27.7,5.8,17.1,S,NA,NA,NA,NA,Macaranga subdentata,v1,45,11.51,5.590000000000002,7.296209191605384,72,0.51,0,0,NA,0,NA,0,NA,0,NA,49,0.28228228888453155,0.3076023391812866,67.30994152046783,51,28,72,30,70,1,18,-16.10158,145.44453,23.6,1980,20.323,4458,Rf2,10,0.4320000000000001
dro,13,Macaranga_subdentata,15.7,3.2,14,S,NA,NA,NA,NA,Macaranga subdentata,v2,49,13.68,0.3200000000000003,6.342925711719625,67,0.81,1,0,NA,0,NA,0,NA,0,NA,0,0,0,97.71428571428571,100,0,100,0,100,0,18,-16.10158,145.44453,23.6,1980,20.323,4458,Rf2,10,0.4320000000000001
dro,15,Macaranga_subdentata,7.5,1.9,13.3,S,NA,NA,NA,NA,Macaranga subdentata,v1,51,13.91,-0.6099999999999994,6.119221145751352,64,1,1,0,NA,0,NA,0,NA,0,NA,0,0,0,100,100,0,100,0,100,0,18,-16.10158,145.44453,23.6,1980,20.323,4458,Rf2,10,0.4320000000000001
dro,17,Macaranga_subdentata,50,13.1,17.4,S,NA,NA,NA,NA,Macaranga subdentata,v1,62,16.31,1.0899999999999999,7.3855777391172985,73,0.51,0,0,NA,0,NA,0,NA,0,NA,0,0.03330321201368368,0.01551724137931034,93.73563218390804,100,3,97,1,99,0,18,-16.10158,145.44453,23.6,1980,20.323,4458,Rf2,10,0.4320000000000001
dro,18,Macaranga_subdentata,48.9,14.4,10.2,S,NA,NA,giant nest inside,NA,Macaranga subdentata,v1,63,14.15,-3.950000000000001,5.081829853957271,59,0.71,1,0,NA,1,1021,0,NA,0,NA,0,0.44824196597353494,0.3058823529411765,100,100,44,56,30,70,0,18,-16.10158,145.44453,23.6,1980,20.323,4458,Rf2,10,0.4320000000000001
dro,24,Macaranga_subdentata,28.2,11.2,21.1,S,NA,NA,some evidence of cleft overgrown. resin through. visible hollow,NA,Macaranga subdentata,v1,80,19.86,1.240000000000002,8.45274405033699,77,0.51,0,0,NA,0,NA,0,NA,0,NA,14,0.05438659392698606,0.16824644549763032,94.12322274881517,86,5,95,16,84,1,18,-16.10158,145.44453,23.6,1980,20.323,4458,Rf2,10,0.4320000000000001
dro,25,Macaranga_subdentata,27.6,12.3,14.9,S,NA,NA,"no obvious signs of damage, through nice under___ __",NA,Macaranga subdentata,v1,79,15.39,-0.4900000000000002,6.625678946195942,69,0.8,1,0,NA,0,NA,0,NA,0,NA,0,0.07218749999999997,0.03422818791946309,100,100,7,93,3,97,0,18,-16.10158,145.44453,23.6,1980,20.323,4458,Rf2,10,0.4320000000000001
dro,28,Macaranga_subdentata,16.2,18.4,22.3,S,NA,N to S,"through, some evidence of cleft + overgrow '",NA,Macaranga subdentata,v1,83,26.16,-3.8599999999999994,8.786449234152652,78,0.61,1,0,NA,1,2365,0,NA,0,NA,0,0,0,100,100,0,100,0,100,0,18,-16.10158,145.44453,23.6,1980,20.323,4458,Rf2,10,0.4320000000000001
dro,35,Macaranga_subdentata,8.6,18,12.5,S,NA,NA,"84 - retracted, 85 - through, some evidence of damage",NA,Macaranga subdentata,v2,85,13.04,-0.5399999999999991,5.859182278980248,63,0.51,0,0,NA,0,NA,0,NA,0,NA,0,0,0,100,100,0,100,0,100,0,18,-16.10158,145.44453,23.6,1980,20.323,4458,Rf2,10,0.4320000000000001
dro,39,Macaranga_subdentata,15.1,22.6,13.4,S,NA,NA,nice tree understory,NA,Macaranga subdentata,v1,94,13,0.40000000000000036,6.151391367632809,65,0.81,1,0,NA,0,NA,0,NA,0,NA,12,0.01565959420079014,0.06194029850746268,97.01492537313433,88,1,99,6,94,1,18,-16.10158,145.44453,23.6,1980,20.323,4458,Rf2,10,0.4320000000000001
dro,42,Macaranga_subdentata,24.9,25.7,16,S,NA,NA,"95 - aborted, 96 - through, some evidence of old branches missing but othewise nice tree",NA,Macaranga subdentata,v1,95,16.12,-0.120000000000001,6.964404506368992,70,0.51,0,0,NA,0,NA,0,NA,0,NA,26,0.00193494239918345,0.025,100,74,0,100,2,98,1,18,-16.10158,145.44453,23.6,1980,20.323,4458,Rf2,10,0.4320000000000001
dro,43,Macaranga_subdentata,34.4,21.8,14.2,S,NA,NA,NA,NA,Macaranga subdentata,v1,74,15.47,-1.2700000000000014,6.40621988356159,68,0.51,0,0,NA,0,NA,0,NA,0,NA,29,0.20715232845857687,0.2549295774647887,100,71,20,80,25,75,1,18,-16.10158,145.44453,23.6,1980,20.323,4458,Rf2,10,0.4320000000000001
dro,50,Macaranga_subdentata,38.7,31,18.9,S,NA,N to S,"through, some nubs, smallish tree",NA,Macaranga subdentata,v1,121,18.89,0.00999999999999801,7.825701221996596,74,0.81,1,1,120,1,1533,0,NA,0,NA,0,0.12069054178145092,0.18624338624338624,99.94708994708995,100,12,88,18,82,0,18,-16.10158,145.44453,23.6,1980,20.323,4458,Rf2,10,0.4320000000000001
dro,51,Macaranga_subdentata,40.8,39.3,20.2,S,NA,S to N,some evidence of bark cracking,NA,Macaranga subdentata,v1,123,17.89,2.3099999999999987,8.19871818447787,76,0.8,1,0,NA,0,NA,0,NA,0,NA,0,0,0,88.56435643564356,100,0,100,0,100,0,18,-16.10158,145.44453,23.6,1980,20.323,4458,Rf2,10,0.4320000000000001
dro,58,Macaranga_subdentata,22.9,48.6,19.9,S,NA,E to W,"some slight cracking of bark, hole at base",NA,Macaranga subdentata,v1,114,19.76,0.13999999999999702,8.113292874837477,75,0.51,0,0,NA,0,NA,0,NA,0,NA,20,0.1970862405490693,0.22361809045226128,99.29648241206031,80,19,81,22,78,1,18,-16.10158,145.44453,23.6,1980,20.323,4458,Rf2,10,0.4320000000000001
dro,7,Medicosma_fareana,35,3.7,12,S,NA,NA,NA,NA,Medicosma fareana,v1,42,13.77,-1.7699999999999996,5.69412336751626,82,0.81,1,0,NA,0,NA,0,NA,0,NA,0,0,0,100,100,0,100,0,100,0,5,-16.10158,145.44453,23.6,1980,20.323,4458,Rf2,10,0.6759425
dro,38,Medicosma_fareana,3.4,31.8,11.9,S,NA,W to E,evidence of surface scraping from liana,NA,Medicosma fareana,v1,92,11.8,0.09999999999999964,5.660865977568394,81,0.81,1,0,NA,0,NA,0,NA,0,NA,0,0,0,99.15966386554622,100,0,100,0,100,0,5,-16.10158,145.44453,23.6,1980,20.323,4458,Rf2,10,0.6759425
dro,54,Medicosma_fareana,33.2,39,16.5,S,NA,NE to SW,good looking tree,NA,Medicosma fareana,v1,124,17.56,-1.0599999999999987,7.116046231599473,83,0.81,1,0,NA,0,NA,0,NA,0,NA,9,0,0,100,91,0,100,0,100,1,5,-16.10158,145.44453,23.6,1980,20.323,4458,Rf2,10,0.6759425
dro,67,Medicosma_fareana,34.5,21.8,11.3,S,NA,NA,NA,NA,Medicosma fareana,v1,73,12.41,-1.1099999999999994,5.459525646229762,80,0.51,0,0,NA,0,NA,0,NA,0,NA,0,0.12059783935546872,0.0584070796460177,100,100,12,88,5,95,0,5,-16.10158,145.44453,23.6,1980,20.323,4458,Rf2,10,0.6759425
dro,69,Medicosma_fareana,30.7,48.6,10,S,NA,S to N,good looking tree some evidence of nubs,NA,Medicosma fareana,v1,127,10.63,-0.6300000000000008,5.011872336272722,79,0.51,0,0,NA,0,NA,0,NA,0,NA,30,0.05008579112197089,0.125,100,70,5,95,12,88,1,5,-16.10158,145.44453,23.6,1980,20.323,4458,Rf2,10,0.6759425
dro,53,Melicope_jonesii,31.5,32,40,S,NA,S to N,"evidence of lost branches, below and above DBH",NA,Melicope jonesii,v1,119,37.8,2.200000000000003,13.226410390991369,84,0.61,1,0,NA,0,NA,0,NA,0,NA,10,0,0,94.49999999999999,90,0,100,0,100,1,2,-16.10158,145.44453,23.6,1980,20.323,4458,Rf2,10,0.53395
dro,78,Melicope_jonesii,26,42.2,43.9,NA,NA,NA,"115 - aborted, some evidence of fold and overgrow",NA,Melicope jonesii,v2,116,48.02,-4.1200000000000045,14.116439271963625,86,0.51,0,0,NA,0,NA,0,NA,0,NA,0,0,0,100,100,0,100,0,100,0,2,-16.10158,145.44453,23.6,1980,20.323,4458,Rf2,10,0.53395
dro,44,Melicope_vitiflora,36.6,24.4,38.1,S,NA,NA,NA,NA,Melicope vitiflora,v1,72,35.93,2.1700000000000017,12.783432511262866,93,0.51,0,1,85,1,3183,0,NA,0,NA,0,0.06475191350167264,0.03202099737532808,94.30446194225722,100,6,94,3,97,0,1,-16.10158,145.44453,23.6,1980,20.323,4458,Rf2,10,0.50525725
dro,10,Normanbya_normanbyi,25.2,7.3,10.4,S,NA,NA,NA,NA,Normanbya normanbyi,v1,47,11.06,-0.6600000000000001,5.151377034648191,94,0.81,1,0,NA,0,NA,0,NA,0,NA,0,0,0,100,100,0,100,0,100,0,1,-16.10158,145.44453,23.6,1980,20.323,4458,Rf2,10,0.8827625
dro,61,Ormosia_ormondii,16.8,32.4,12.2,S,NA,N to S,nice tree,NA,Ormosia ormondii,v1,101,13.31,-1.1100000000000012,5.760389916292432,95,0.81,1,0,NA,0,NA,0,NA,0,NA,0,0,0,100,100,0,100,0,100,0,3,-16.10158,145.44453,23.6,1980,20.323,4458,Rf2,10,0.4691225
dro,74,Ormosia_ormondii,21.5,25.8,31.1,NA,NA,E to W,"ormosia, evidence of scan and ___",NA,Ormosia ormondii,v1,97,34.2,-3.1000000000000014,11.090018543242483,96,0.71,1,0,NA,0,NA,0,NA,0,NA,1,0.00470459378793548,0.01093247588424437,100,99,0,100,1,99,1,3,-16.10158,145.44453,23.6,1980,20.323,4458,Rf2,10,0.4691225
dro,83,Ormosia_ormondii,23.2,10,74.5,NA,NA,E to W,NA,NA,Ormosia ormondii,v1,139,50.14,24.36,20.44134136656962,97,0.81,0,0,NA,0,NA,0,NA,0,NA,0,0,0,67.30201342281879,100,0,100,0,100,0,3,-16.10158,145.44453,23.6,1980,20.323,4458,Rf2,10,0.4691225
dro,26,Planchonella_chartacea,16.8,13.5,17.5,S,NA,N to S,NA,NA,Planchonella chartacea,v1,81,18.57,-1.0700000000000003,7.415264283174968,98,0.71,1,0,NA,0,NA,0,NA,0,NA,30,0.13270221669444174,0.16285714285714284,100,70,13,87,16,84,1,1,-16.10158,145.44453,23.6,1980,20.323,4458,Rf2,10,0.7392996833500001
dro,1,Podocarpus_grayae,47.6,4.5,31.5,S,NA,NA,NA,NA,Podocarpus grayae,v3,35,33.79,-2.289999999999999,11.189672806478754,101,0.51,0,0,NA,1,2800,NA,NA,0,NA,35,0,0,100,65,0,100,0,100,1,1,-16.10158,145.44453,23.6,1980,20.323,4458,Rf2,10,0.473775
dro,36,Polyscias_australiana,4.8,26.1,10.8,S,NA,E to W,"slight curve, polyscias",NA,Polyscias australiana,v1,93,12.41,-1.6099999999999994,5.289280862915796,102,0.51,0,0,NA,0,NA,0,NA,0,NA,6,0.01905311536836998,0.06296296296296297,100,94,1,99,6,94,1,1,-16.10158,145.44453,23.6,1980,20.323,4458,Rf2,10,0.4827225
dro,75,Sloanea_langii,15.4,31.3,54.5,NA,NA,NA,"through, large tree some fluting, no evidence of serious damage,",NA,Sloanea langii,v1,102,45.12,9.380000000000003,16.423947631367955,106,0.51,0,0,NA,1,4150,0,NA,0,NA,7,0.17034799298170678,0.06165137614678899,82.78899082568807,93,17,83,6,94,1,1,-16.10158,145.44453,23.6,1980,20.323,4458,Rf2,10,0.5855225
dro,4,Xylopia_maccreae,40.6,10,18.1,S,NA,NA,"if diameter wrong, then check it does not match 3",NA,Xylopia maccreai,v1,41,15.98,2.120000000000001,7.592328706419745,107,0.51,0,0,NA,1,1415,0,NA,0,NA,35,0,0,88.28729281767956,65,0,100,0,100,1,1,-16.10158,145.44453,23.6,1980,20.323,4458,Rf2,10,0.6281
mtlwrf,15,Acronychia_acidula,32.9,11.2,26.3,S,NA,NA,NA,NA,Acronychia acidula,v1,297,24.86,1.4400000000000013,9.86209141748191,108,0.71,1,0,NA,1,2200,0,NA,0,NA,0,0,0,94.52471482889733,100,0,100,0,100,0,1,-16.593233,145.27495,20.7,1527,9.287,2630,Rf1,1.1,0.5446711111111111
mtlwrf,45,Archidendron_vaillantii,47.3,37.3,21,S,NA,NA,NA,NA,Archidendron vaillantii,v1,329,21.67,-0.6700000000000017,8.424681795174461,109,0.71,1,0,NA,0,NA,0,NA,0,NA,0,0,0,100,100,0,100,0,100,0,1,-16.593233,145.27495,20.7,1527,9.287,2630,Rf1,1.1,0.553015
mtlwrf,40,Argyrodendron_sp._(Mt_Haig_L.S.Smith+_14307),29.9,44.8,10.5,S,NA,NA,NA,NA,Argyrodendron sp.,v1,324,10.54,-0.03999999999999915,5.185999963168829,148,0.71,1,0,NA,0,NA,0,NA,0,NA,2,0,0,100,98,0,100,0,100,1,1,-16.593233,145.27495,20.7,1527,9.287,2630,Rf1,1.1,0.7
mtlwrf,43,Athertonia_diversifolia,43.6,43.2,73.8,S,NA,NA,NA,NA,Athertonia diversifolia,v1,328,50.13,23.669999999999995,20.30670469633002,110,0.51,0,0,NA,0,NA,0,NA,0,NA,5,0.04972878012951353,0.03672086720867208,67.92682926829269,95,4,96,3,97,1,1,-16.593233,145.27495,20.7,1527,9.287,2630,Rf1,1.1,0.58775
mtlwrf,44,Beilschmiedia_bancroftii,46.2,36.8,11,S,NA,NA,NA,NA,Beilschmiedia bancroftii,v1,330,10.69,0.3100000000000005,5.357656669484113,111,0.81,1,0,NA,0,NA,0,NA,0,NA,0,0,0,97.18181818181819,100,0,100,0,100,0,1,-16.593233,145.27495,20.7,1527,9.287,2630,Rf1,1.1,0.5553684444285715
mtlwrf,39,Beilschmiedia_recurva,30.1,39.5,11.5,S,NA,NA,NA,NA,Beilschmiedia recurva,v1,323,11.46,0.03999999999999915,5.526987574805708,112,0.71,1,0,NA,1,1050,0,NA,0,NA,0,0,0,99.65217391304348,100,0,100,0,100,0,1,-16.593233,145.27495,20.7,1527,9.287,2630,Rf1,1.1,0.58685
mtlwrf,30,Cardwellia_sublimis,3.7,44.2,30.9,S,NA,NA,NA,NA,Cardwellia sublimis,v1,314,30.16,0.7399999999999984,11.04004733833688,113,0.71,1,0,NA,1,3000,0,NA,0,NA,2,0.04956578217073493,0.02394822006472492,97.60517799352752,98,4,96,2,98,1,1,-16.593233,145.27495,20.7,1527,9.287,2630,Rf1,1.1,0.4991941851666667
mtlwrf,3,Castanospora_alphandii,32.2,1.4,23.2,S,NA,NA,NA,NA,Castanospora alphandi,v1,285,24.6,-1.4000000000000021,9.033199242201025,115,0.81,1,0,NA,0,NA,0,NA,0,NA,0,0,0,100,100,0,100,0,100,0,3,-16.593233,145.27495,20.7,1527,9.287,2630,Rf1,1.1,0.59775125
mtlwrf,17,Castanospora_alphandii,20.7,13,14.8,S,NA,NA,NA,NA,Castanospora alphandi,v1,299,15.88,-1.08,6.594520167695059,114,0.61,1,0,NA,0,NA,0,NA,0,NA,11,0,0,100,89,0,100,0,100,1,3,-16.593233,145.27495,20.7,1527,9.287,2630,Rf1,1.1,0.59775125
mtlwrf,46,Castanospora_alphandii,44.1,27.9,39.5,S,NA,NA,NA,NA,Castanospora alphandi,v1,331,33.4,6.100000000000001,13.110461120362354,116,0.51,0,0,NA,1,3000,0,NA,0,NA,5,0.11870842222490574,0.04379746835443038,84.55696202531645,95,11,89,4,96,1,3,-16.593233,145.27495,20.7,1527,9.287,2630,Rf1,1.1,0.59775125
mtlwrf,7,Citronella_smythii,26,8,11.1,S,NA,NA,NA,NA,Citronella smythii,v1,291,12,-0.9000000000000004,5.391704538426789,117,0.51,0,0,NA,0,NA,0,NA,0,NA,32,0,0,100,68,0,100,0,100,1,1,-16.593233,145.27495,20.7,1527,9.287,2630,Rf1,1.1,0.58296062225
mtlwrf,4,Claoxylon_tenerifolium,27.4,0.7,14.7,S,NA,NA,NA,NA,Claoxylon tenerifolium,v1,286,13.1,1.5999999999999996,6.563298164897757,118,0.51,0,0,NA,0,NA,0,NA,0,NA,0,0,0,89.1156462585034,100,0,100,0,100,0,1,-16.593233,145.27495,20.7,1527,9.287,2630,Rf1,1.1,0.4338
mtlwrf,41,Cryptocarya_angulata,32.9,47,13.5,S,NA,NA,NA,NA,Cryptocarya angulata,v1,325,13.72,-0.22000000000000064,6.183489646424866,119,0.81,1,0,NA,1,1320,0,NA,0,NA,0,0,0,100,100,0,100,0,100,0,1,-16.593233,145.27495,20.7,1527,9.287,2630,Rf1,1.1,0.6512112475
mtlwrf,25,Cryptocarya_murrayi,4.9,35,26.7,S,NA,NA,NA,NA,Cryptocarya murrayi,v1,310,28.21,-1.5100000000000016,9.966849098759207,120,0.51,0,0,NA,0,NA,0,NA,0,NA,1,0.00179307871615563,0.01123595505617977,100,99,0,100,1,99,1,1,-16.593233,145.27495,20.7,1527,9.287,2630,Rf1,1.1,0.6635506307308
mtlwrf,32,Cupaniopsis_flagelliformis,15.9,40.8,12.3,S,NA,NA,NA,NA,Cupaniopsis flagelliformis,v1,319,11.49,0.8100000000000005,5.79340084051854,121,0.71,1,0,NA,1,1100,0,NA,0,NA,0,0,0,93.41463414634146,100,0,100,0,100,0,1,-16.593233,145.27495,20.7,1527,9.287,2630,Rf1,1.1,0.7011000000000001
mtlwrf,9,Daphnandra_repandula,21.5,5.6,17.3,S,NA,NA,NA,NA,Daphnandra repandula,v1,290,17.69,-0.39000000000000057,7.355839966889143,124,0.51,0,0,NA,0,NA,0,NA,0,NA,0,0,0,100,100,0,100,0,100,0,3,-16.593233,145.27495,20.7,1527,9.287,2630,Rf1,1.1,0.5758916666666667
mtlwrf,10,Daphnandra_repandula,20.3,3.5,10.4,S,NA,NA,NA,NA,Daphnandra repandula,v1,289,10.35,0.05000000000000071,5.151377034648191,122,0.71,1,0,NA,0,NA,0,NA,0,NA,8,0.00872821306487402,0.07115384615384615,99.51923076923076,92,0,100,7,93,1,3,-16.593233,145.27495,20.7,1527,9.287,2630,Rf1,1.1,0.5758916666666667
mtlwrf,16,Daphnandra_repandula,21.8,11.4,13.7,S,NA,NA,NA,NA,Daphnandra repandula,v1,298,12.97,0.72999999999999865,6.247473131165166,123,0.91,1,0,NA,1,1260,0,NA,0,NA,3,0.06064877126654064,0.02627737226277372,94.67153284671534,97,6,94,2,98,1,3,-16.593233,145.27495,20.7,1527,9.287,2630,Rf1,1.1,0.5758916666666667
mtlwrf,31,Doryphora_aromatica,12.2,40.6,48.9,S,NA,NA,NA,NA,Doryphora aromatica,v1,315,50.12,-1.2199999999999989,15.223559234171177,127,0.51,0,0,NA,1,5000,0,NA,0,NA,0,4.178905564853075e-4,0.00449897750511247,100,100,0,100,0,100,0,2,-16.593233,145.27495,20.7,1527,9.287,2630,Rf1,1.1,0.4783866666666666
mtlwrf,37,Doryphora_aromatica,21.2,39,19.9,S,NA,NA,NA,NA,Doryphora aromatica,v1,321,19,0.8999999999999986,8.113292874837477,126,0.81,1,0,NA,1,1810,0,NA,0,NA,0,0.2839609260605669,0.15276381909547737,95.47738693467338,100,28,72,15,85,0,2,-16.593233,145.27495,20.7,1527,9.287,2630,Rf1,1.1,0.4783866666666666
mtlwrf,28,Endiandra,2.9,38.4,10,S,the one Bruce Gray is describing,NA,NA,NA,Endiandra,v1,313,9.36,0.6400000000000006,5.011872336272722,147,0.61,1,1,30,1,880,0,NA,0,NA,0,0,0,93.6,100,0,100,0,100,0,1,-16.593233,145.27495,20.7,1527,9.287,2630,Rf1,1.1,0.6825
mtlwrf,6,Endiandra_bessaphila,25.2,2.4,14.1,S,same as 29,NA,NA,NA,Endiandra bessaphila,v1,288,14,0.09999999999999964,6.37460646506517,128,0.51,0,0,NA,0,NA,0,NA,0,NA,0,0,0,99.29078014184397,100,0,100,0,100,0,2,-16.593233,145.27495,20.7,1527,9.287,2630,Rf1,1.1,0.65125
mtlwrf,14,Endiandra_bessaphila,43,19.5,16.4,S,NA,NA,NA,NA,Endiandra bessaphila,v1,295,16.65,-0.25,7.085829427420464,129,0.71,1,1,40,1,1610,0,NA,0,NA,0,0,0,100,100,0,100,0,100,0,2,-16.593233,145.27495,20.7,1527,9.287,2630,Rf1,1.1,0.65125
mtlwrf,20,Endiandra_monothyra,9.3,14.3,13.4,S,NA,NA,NA,NA,Endiandra monothyra,v1,301,15.43,-2.0299999999999994,6.151391367632809,130,1,1,1,25,1,1460,0,NA,0,NA,7,0,0,100,93,0,100,0,100,1,2,-16.593233,145.27495,20.7,1527,9.287,2630,Rf1,1.1,0.65125
mtlwrf,27,Endiandra_sankeyana,5.4,37.6,13.1,S,NA,NA,NA,NA,Endiandra pubens,v1,312,16.01,-2.910000000000002,6.054662044398935,131,1,1,1,50,1,1520,0,NA,0,NA,2,0,0,100,98,0,100,0,100,1,1,-16.593233,145.27495,20.7,1527,9.287,2630,Rf1,1.1,0.6599724974529
mtlwrf,38,Ficus_triradiata,25.5,36.8,63.6,S,NA,NA,NA,NA,Ficus triradiata,v1,322,50.13,13.469999999999999,18.29868920687328,157,0.81,1,0,NA,0,NA,0,NA,0,NA,0,0,0,78.82075471698113,100,0,100,0,100,0,1,-16.593233,145.27495,20.7,1527,9.287,2630,Rf1,1.1,0.441
mtlwrf,24,Goniothalamus_australis,4.5,31.3,18.8,S,NA,NA,NA,NA,Goniothalamus australis,v1,306,18.06,0.740000000000002,7.796694087257499,153,0.51,0,0,NA,1,1730,0,NA,0,NA,0,0,0,96.06382978723403,100,0,100,0,100,0,1,-16.593233,145.27495,20.7,1527,9.287,2630,Rf1,1.1,0.46
mtlwrf,11,Gossia_lewisensis,8.3,6,10.2,S,check id,NA,NA,NA,Gossia lewisensis,v1,294,10.77,-0.5700000000000003,5.081829853957271,132,0.71,1,0,NA,0,NA,0,NA,0,NA,19,0,0,100,81,0,100,0,100,1,1,-16.593233,145.27495,20.7,1527,9.287,2630,Rf1,1.1,0.7795
mtlwrf,22,Hylandia_dockrillii,7.8,26.6,45.2,S,NA,NA,NA,NA,Hylandia dockrillii,v1,304,49.63,-4.43,14.407774558535337,133,0.71,1,0,NA,1,4910,0,NA,0,NA,1,0,0,100,99,0,100,0,100,1,1,-16.593233,145.27495,20.7,1527,9.287,2630,Rf1,1.1,0.47654
mtlwrf,12,Neisosperma_poweri,12.9,3.6,10.8,S,NA,NA,NA,NA,Ochrosia poweri,v1,293,11.31,-0.5099999999999998,5.289280862915796,135,0.81,1,0,NA,0,NA,0,NA,0,NA,3,0.00320549010751878,0.01944444444444444,100,97,0,100,1,99,1,1,-16.593233,145.27495,20.7,1527,9.287,2630,Rf1,1.1,0.5753
mtlwrf,5,Neolitsea_dealbata,25,0.2,18,S,NA,NA,NA,NA,Neolitsea dealbata,v1,287,16.52,1.4800000000000004,7.56294171712541,134,0.51,0,0,NA,0,NA,0,NA,0,NA,0,0,0,91.77777777777777,100,0,100,0,100,0,1,-16.593233,145.27495,20.7,1527,9.287,2630,Rf1,1.1,0.486325
mtlwrf,29,Oraniopsis_appendiculata,3.3,33.9,17.2,S,5.2 at apex,NA,NA,NA,Oraniopsis appendiculata,v3,309,11.02,6.18,7.32605058120068,152,0.51,0,0,NA,0,NA,0,NA,0,NA,0,0,0,64.06976744186046,100,0,100,0,100,0,1,-16.593233,145.27495,20.7,1527,9.287,2630,Rf1,1.1,0.6602
mtlwrf,1,Placospermum_coriaceum,47.5,3.9,16.8,S,NA,NA,NA,NA,Placospermum coriaceum,v1,282,18.11,-1.3099999999999987,7.206369015453127,136,0.51,0,0,NA,0,NA,0,NA,0,NA,0,0,0,100,100,0,100,0,100,0,1,-16.593233,145.27495,20.7,1527,9.287,2630,Rf1,1.1,0.5940449999999999
mtlwrf,26,Pleioluma_macrocarpa,5,37,29.1,S,NA,NA,NA,NA,Pleioluma macrocarpa,v1,311,30.82,-1.7199999999999989,10.585834314394999,155,0.51,0,0,NA,1,2970,0,NA,0,NA,0,0,0,100,100,0,100,0,100,0,1,-16.593233,145.27495,20.7,1527,9.287,2630,Rf1,1.1,0.7334
mtlwrf,33,Polyosma_rhytophloia,13.9,43.6,17.8,S,NA,NA,NA,NA,Polyosma rhytophloia,v1,316,19.02,-1.2199999999999989,7.504020323896421,137,0.81,1,0,NA,1,1810,0,NA,0,NA,0,0,0,100,100,0,100,0,100,0,1,-16.593233,145.27495,20.7,1527,9.287,2630,Rf1,1.1,0.5888
mtlwrf,34,Sapindaceae,12.5,47.2,11.8,S,NA,NA,NA,NA,Sapindaceae,v1,317,11.52,0.28000000000000114,5.627524638551044,149,0.81,1,0,NA,1,1080,0,NA,0,NA,0,0,0,97.62711864406779,100,0,100,0,100,0,1,-16.593233,145.27495,20.7,1527,9.287,2630,Rf1,1.1,0.7305
mtlwrf,2,Sloanea_australis,42.8,5.4,57.9,S,NA,NA,automatic needle retraction 283,NA,Sloanea australis,v2,284,50.14,7.759999999999998,17.13464040658464,139,0.81,1,0,NA,0,NA,0,NA,0,NA,0,0,0,86.59758203799655,100,0,100,0,100,0,1,-16.593233,145.27495,20.7,1527,9.287,2630,Rf1,1.1,0.5009891389166666
mtlwrf,18,Synima_cordierorum,16.9,11.3,25.5,S,NA,NA,NA,NA,Synima cordieri,v1,300,23.92,1.5799999999999983,9.651129127287572,154,0.91,1,0,NA,1,2300,0,NA,0,NA,0,0,0,93.80392156862744,100,0,100,0,100,0,1,-16.593233,145.27495,20.7,1527,9.287,2630,Rf1,1.1,0.8056988888888889
mtlwrf,36,Syzygium,15.3,35.5,48.9,S,need to id,NA,NA,NA,Syzygium,v1,320,50.12,-1.2199999999999989,15.223559234171177,156,0.91,1,0,NA,1,4990,0,NA,0,NA,12,0,0,100,88,0,100,0,100,1,1,-16.593233,145.27495,20.7,1527,9.287,2630,Rf1,1.1,0.712
mtlwrf,35,Syzygium_cormiflorum,17.5,49,29.1,S,NA,NA,NA,NA,Syzygium cormiflorum,v1,318,28,1.1000000000000014,10.585834314394999,140,0.91,1,0,NA,0,NA,0,NA,0,NA,4,0,0,96.21993127147766,96,0,100,0,100,1,1,-16.593233,145.27495,20.7,1527,9.287,2630,Rf1,1.1,0.661161407388889
mtlwrf,42,Syzygium_johnsonii,39.6,40.5,49,S,NA,NA,NA,NA,Syzygium johnsonii,v2,327,44.91,4.090000000000003,15.245344971379456,142,0.51,0,0,NA,0,NA,0,NA,0,NA,28,0.08296007291890065,0.2353061224489796,91.65306122448979,72,8,92,23,77,1,1,-16.593233,145.27495,20.7,1527,9.287,2630,Rf1,1.1,0.70308375
mtlwrf,19,Syzygium_trachyphloium,11.7,16.3,15.6,S,NA,NA,NA,NA,Syzygium trachyphloium,v1,302,14.67,0.9299999999999997,6.842065364835342,143,1,1,1,50,1,1400,0,NA,0,NA,5,0,0,94.03846153846155,95,0,100,0,100,1,3,-16.593233,145.27495,20.7,1527,9.287,2630,Rf1,1.1,0.473775
mtlwrf,21,Syzygium_trachyphloium,5.9,20.7,41.5,S,NA,NA,NA,NA,Syzygium trachyphloium,v1,303,40.02,1.4799999999999969,13.571681769424856,145,0.51,0,0,NA,0,NA,0,NA,0,NA,0,0,0,96.43373493975905,100,0,100,0,100,0,3,-16.593233,145.27495,20.7,1527,9.287,2630,Rf1,1.1,0.473775
mtlwrf,23,Syzygium_trachyphloium,3.8,29.1,26.1,S,NA,NA,NA,NA,Syzygium trachyphloium,v1,305,31.07,-4.969999999999999,9.809533510793484,144,0.81,1,0,NA,1,3030,0,NA,0,NA,0,0.00750783448855277,0.00498084291187739,100,100,0,100,0,100,0,3,-16.593233,145.27495,20.7,1527,9.287,2630,Rf1,1.1,0.473775
mtlwrf,8,Xanthophyllum_octandrum,25.7,9.4,60.4,S,NA,NA,NA,NA,Xanthophyllum octandrum,v1,292,50.16,10.240000000000002,17.649233831528232,146,0.51,0,0,NA,0,NA,0,NA,0,NA,0,0,0,83.04635761589404,100,0,100,0,100,0,1,-16.593233,145.27495,20.7,1527,9.287,2630,Rf1,1.1,0.6807666666666666
mtlwsc,1,Allocasuarina_torulosa,1.4,49.9,21.8,NA,NA,NA,cracked,NA,Allocasuarina torulosa,v1,140,9.17,12.63,8.648076954740091,169,0.81,1,0,NA,1,780,0,NA,0,NA,16,0.00938713480029585,0.05229357798165138,42.064220183486235,84,0,100,5,95,1,16,-16.5829,145.26145,20.5,1520,8.153,2189,Scl1,35,0.8239891190357143
mtlwsc,4,Allocasuarina_torulosa,12.6,48.7,24.3,S,NA,NA,143 failed. cracked.,NA,Allocasuarina torulosa,v2,144,21.81,2.490000000000002,9.330918400674706,178,0.81,1,0,NA,0,NA,0,NA,0,NA,6,0,0,89.75308641975309,94,0,100,0,100,1,16,-16.5829,145.26145,20.5,1520,8.153,2189,Scl1,35,0.8239891190357143
mtlwsc,5,Allocasuarina_torulosa,16.2,46.8,15.7,NA,NA,NA,NA,NA,Allocasuarina torulosa,v2,147,17.68,-1.9800000000000004,6.872737501145932,165,0.81,1,0,NA,0,NA,0,NA,0,NA,22,0,0,100,78,0,100,0,100,1,16,-16.5829,145.26145,20.5,1520,8.153,2189,Scl1,35,0.8239891190357143
mtlwsc,7,Allocasuarina_torulosa,17.3,41.9,17.8,S,NA,NA,NA,NA,Allocasuarina torulosa,v1,148,16.11,1.6900000000000013,7.504020323896421,168,0.51,0,1,80,0,NA,0,NA,0,NA,12,0,0,90.50561797752809,88,0,100,0,100,1,16,-16.5829,145.26145,20.5,1520,8.153,2189,Scl1,35,0.8239891190357143
mtlwsc,8,Allocasuarina_torulosa,16.3,39.3,13.1,S,NA,NA,"149, 150 failed",NA,Allocasuarina torulosa,v1,149,15.66,-2.5600000000000005,6.054662044398935,159,0.51,0,0,NA,0,NA,0,NA,0,NA,13,0,0,100,87,0,100,0,100,1,16,-16.5829,145.26145,20.5,1520,8.153,2189,Scl1,35,0.8239891190357143
mtlwsc,13,Allocasuarina_torulosa,20,42,11.4,S,NA,NA,NA,NA,Allocasuarina torulosa,v1,160,10.55,0.8499999999999996,5.493300993994454,158,0.51,0,0,NA,1,727,0,NA,0,NA,0,0,0,92.54385964912281,100,0,100,0,100,0,16,-16.5829,145.26145,20.5,1520,8.153,2189,Scl1,35,0.8239891190357143
mtlwsc,14,Allocasuarina_torulosa,22.5,34.1,14,S,NA,NA,NA,NA,Allocasuarina torulosa,v1,157,12.61,1.3900000000000006,6.342925711719625,162,0.81,1,0,NA,0,NA,0,NA,0,NA,0,0.08677685950413219,0.04142857142857143,90.07142857142857,100,8,92,4,96,0,16,-16.5829,145.26145,20.5,1520,8.153,2189,Scl1,35,0.8239891190357143
mtlwsc,16,Allocasuarina_torulosa,30,50,28.1,S,NA,NA,cracked,NA,Allocasuarina torulosa,v1,167,18.84,9.260000000000002,10.329859722715952,179,0.51,0,0,NA,1,1000,0,NA,0,NA,0,0.7655475380328411,0.48434163701067623,67.04626334519573,100,76,24,48,52,0,16,-16.5829,145.26145,20.5,1520,8.153,2189,Scl1,35,0.8239891190357143
mtlwsc,18,Allocasuarina_torulosa,29.7,38.4,32.3,S,NA,NA,"161, 162 failed",NA,Allocasuarina torulosa,v3,163,31.86,0.4399999999999977,11.387850724161737,182,0.81,1,0,NA,0,NA,0,NA,0,NA,6,0,0,98.63777089783282,94,0,100,0,100,1,16,-16.5829,145.26145,20.5,1520,8.153,2189,Scl1,35,0.8239891190357143
mtlwsc,20,Allocasuarina_torulosa,45.6,41,33.9,S,NA,NA,169 failed. Fire scar based tree,NA,Allocasuarina torulosa,v2,170,30.7,3.1999999999999993,11.779850770103394,184,0.81,1,0,NA,0,NA,0,NA,0,NA,0,0.27187022834936536,0.25486725663716814,90.56047197640119,100,27,73,25,75,0,16,-16.5829,145.26145,20.5,1520,8.153,2189,Scl1,35,0.8239891190357143
mtlwsc,23,Allocasuarina_torulosa,41.3,31.7,22.8,S,NA,NA,"173, 174, 175 failed-- wrong RDM (1500)",NA,Allocasuarina torulosa,v4,176,21.33,1.4700000000000024,8.923893792556171,173,0.81,1,0,NA,0,NA,0,NA,0,NA,0,0.3490111176972343,0.3298245614035088,93.55263157894737,100,34,66,32,68,0,16,-16.5829,145.26145,20.5,1520,8.153,2189,Scl1,35,0.8239891190357143
mtlwsc,24,Allocasuarina_torulosa,33.7,25.8,23.5,S,NA,NA,177 and 178 failed. some damage near the ground,NA,Allocasuarina torulosa,v3,179,22.96,0.5399999999999991,9.11480755406923,176,0.81,1,0,NA,0,NA,0,NA,0,NA,16,0,0,97.70212765957447,84,0,100,0,100,1,16,-16.5829,145.26145,20.5,1520,8.153,2189,Scl1,35,0.8239891190357143
mtlwsc,28,Allocasuarina_torulosa,35.9,9.7,34,S,NA,NA,181 failed. Severe damage from ground to 2 meters high. Fire scars,NA,Allocasuarina torulosa,v2,182,17.73,16.27,11.804164196559913,186,0.81,1,0,NA,0,NA,0,NA,0,NA,0,0.4503659223118784,0.01470588235294117,52.14705882352941,100,45,55,1,99,0,16,-16.5829,145.26145,20.5,1520,8.153,2189,Scl1,35,0.8239891190357143
mtlwsc,30,Allocasuarina_torulosa,16.5,25.8,36.7,S,NA,NA,"two main trunks, similar",NA,Allocasuarina torulosa,v1,189,31.72,4.980000000000004,12.452777974993458,187,0.61,1,0,NA,0,NA,0,NA,0,NA,7,0,0,86.43051771117166,93,0,100,0,100,1,16,-16.5829,145.26145,20.5,1520,8.153,2189,Scl1,35,0.8239891190357143
mtlwsc,33,Allocasuarina_torulosa,9,12.8,17.1,S,NA,NA,187 failed. Severe fire damage. Hollow with fire scar.,NA,Allocasuarina torulosa,v2,188,8.86,8.240000000000002,7.296209191605384,167,0.51,0,0,NA,1,660,0,NA,0,NA,25,0.5243461383277801,0.1192982456140351,51.81286549707602,75,52,48,11,89,1,16,-16.5829,145.26145,20.5,1520,8.153,2189,Scl1,35,0.8239891190357143
mtlwsc,34,Allocasuarina_torulosa,0.3,19.7,15.2,S,NA,NA,broken. dying.,NA,Allocasuarina torulosa,v1,191,14.22,0.97999999999999865,6.718781404643845,163,0.81,1,0,NA,0,NA,0,NA,0,NA,0,0.27642893582287525,0.10789473684210528,93.55263157894737,100,27,73,10,90,0,16,-16.5829,145.26145,20.5,1520,8.153,2189,Scl1,35,0.8239891190357143
mtlwsc,3,Banksia_aquilonia,8.8,48.1,44.9,S,NA,NA,NA,NA,Banksia aquilonia,v1,142,46.3,-1.3999999999999986,14.340768947939328,191,0.81,1,0,NA,0,NA,0,NA,0,NA,6,0.02671090222581408,0.01291759465478841,100,94,2,98,1,99,1,3,-16.5829,145.26145,20.5,1520,8.153,2189,Scl1,35,0.5469
mtlwsc,17,Banksia_aquilonia,30.8,38,20.6,S,broken,NA,"164 failed. Fire scar at the base, cracked",NA,Banksia aquilonia,v2,165,21.6,-1,8.312029085899582,189,0.81,1,0,NA,0,NA,0,NA,0,NA,24,0.20365114803451065,0.10097087378640776,100,76,20,80,10,90,1,3,-16.5829,145.26145,20.5,1520,8.153,2189,Scl1,35,0.5469
mtlwsc,25,Banksia_aquilonia,34.4,22.3,38.7,S,NA,NA,"termite tracks, fire scars",NA,Banksia aquilonia,v1,180,34.15,4.550000000000004,12.92402160975722,190,0.61,1,0,NA,0,NA,0,NA,0,NA,0,0.07828599644466266,0.03462532299741602,88.24289405684753,100,7,93,3,97,0,3,-16.5829,145.26145,20.5,1520,8.153,2189,Scl1,35,0.5469
mtlwsc,12,Eucalyptus_grandis,20.1,35.8,42.2,S,NA,NA,NA,NA,Eucalyptus grandis,v1,156,39.56,2.6400000000000006,13.731523221344267,192,0.81,1,0,NA,0,NA,0,NA,0,NA,27,0,0,93.74407582938387,73,0,100,0,100,1,1,-16.5829,145.26145,20.5,1520,8.153,2189,Scl1,35,0.6451661142857144
mtlwsc,2,Eucalyptus_resinifera,5.6,49,10.1,NA,NA,NA,NA,NA,Eucalyptus resinifera,v1,141,9.18,0.9199999999999999,5.046903044704653,193,0.81,1,0,NA,0,NA,0,NA,0,NA,0,0,0,90.89108910891089,100,0,100,0,100,0,13,-16.5829,145.26145,20.5,1520,8.153,2189,Scl1,35,0.8205461000000001
mtlwsc,6,Eucalyptus_resinifera,16.2,48.5,119.1,NA,NA,NA,"cracked, a very big tree. DBH is much higher than 51 cm",NA,Eucalyptus resinifera,v1,145,50.15,68.94999999999999,28.388224629175255,207,0.51,0,0,NA,0,NA,0,NA,0,NA,0,0.18027900090927804,0.23862300587741395,42.10747271200672,100,18,82,23,77,0,13,-16.5829,145.26145,20.5,1520,8.153,2189,Scl1,35,0.8205461000000001
mtlwsc,9,Eucalyptus_resinifera,11,39.6,28.9,S,NA,NA,NA,NA,Eucalyptus resinifera,v1,152,29.38,-0.4800000000000004,10.5348532413792,201,0.61,1,0,NA,0,NA,0,NA,0,NA,28,0,0,100,72,0,100,0,100,1,13,-16.5829,145.26145,20.5,1520,8.153,2189,Scl1,35,0.8205461000000001
mtlwsc,10,Eucalyptus_resinifera,14.2,34.8,42.5,S,NA,NA,"153, 154 failed. two main trunks, the bigger one was measured",NA,Eucalyptus resinifera,v3,155,38.37,4.130000000000003,13.799782803345023,204,0.71,1,0,NA,0,NA,0,NA,0,NA,8,0,0,90.28235294117646,92,0,100,0,100,1,13,-16.5829,145.26145,20.5,1520,8.153,2189,Scl1,35,0.8205461000000001
mtlwsc,11,Eucalyptus_resinifera,11.9,31.1,26.8,S,NA,NA,158 failed.,NA,Eucalyptus resinifera,v2,159,27.41,-0.6099999999999994,9.99296475856962,200,0.81,1,0,NA,0,NA,0,NA,0,NA,30,0.08817805044836532,0.1044776119402985,100,70,8,92,10,90,1,13,-16.5829,145.26145,20.5,1520,8.153,2189,Scl1,35,0.8205461000000001
mtlwsc,15,Eucalyptus_resinifera,28.6,46.8,21.3,S,NA,NA,NA,NA,Eucalyptus resinifera,v1,166,19.99,1.3100000000000023,8.508749192696147,196,0.81,1,0,NA,0,NA,0,NA,0,NA,12,0.07249254697561518,0.10046948356807513,93.84976525821595,88,7,93,10,90,1,13,-16.5829,145.26145,20.5,1520,8.153,2189,Scl1,35,0.8205461000000001
mtlwsc,19,Eucalyptus_resinifera,36,43.6,48.3,NA,NA,NA,"Two main trunks, the thinner one",NA,Eucalyptus resinifera,v1,168,32.35,15.949999999999996,15.092562796589968,205,0.81,1,0,NA,0,NA,0,NA,0,NA,9,0.29269482450922074,0.06045548654244306,66.97722567287785,91,29,71,6,94,1,13,-16.5829,145.26145,20.5,1520,8.153,2189,Scl1,35,0.8205461000000001
mtlwsc,26,Eucalyptus_resinifera,40,5.6,126.3,S,NA,NA,A huge tree! DBH is higher than 51cm. Termite runways,NA,Eucalyptus resinifera,v1,183,50.18,76.12,29.578922221069146,208,0.71,1,0,NA,0,NA,0,NA,0,NA,16,0.02296271547598477,0.03642121931908155,39.730799683293746,84,2,98,3,97,1,13,-16.5829,145.26145,20.5,1520,8.153,2189,Scl1,35,0.8205461000000001
mtlwsc,27,Eucalyptus_resinifera,45.5,14,25.4,S,NA,NA,NA,NA,Eucalyptus resinifera,v1,184,23.37,2.0299999999999976,9.6246202208095,198,0.61,1,0,NA,0,NA,0,NA,0,NA,3,0,0,92.00787401574803,97,0,100,0,100,1,13,-16.5829,145.26145,20.5,1520,8.153,2189,Scl1,35,0.8205461000000001
mtlwsc,29,Eucalyptus_resinifera,20.7,26.6,16,S,NA,NA,NA,NA,Eucalyptus resinifera,v1,190,15.22,0.7799999999999994,6.964404506368992,194,0.71,1,0,NA,0,NA,0,NA,0,NA,13,0,0,95.125,87,0,100,0,100,1,13,-16.5829,145.26145,20.5,1520,8.153,2189,Scl1,35,0.8205461000000001
mtlwsc,31,Eucalyptus_resinifera,19.5,11.7,18.7,S,NA,NA,NA,NA,Eucalyptus resinifera,v1,185,20.05,-1.3500000000000014,7.767640627334464,195,0.51,0,1,270,0,NA,0,NA,0,NA,25,0,0,100,75,0,100,0,100,1,13,-16.5829,145.26145,20.5,1520,8.153,2189,Scl1,35,0.8205461000000001
mtlwsc,32,Eucalyptus_resinifera,12.5,1.8,72,S,NA,NA,A big tree,NA,Eucalyptus resinifera,v1,186,50.16,21.840000000000003,19.95872284892263,206,0.71,1,0,NA,0,NA,0,NA,0,NA,27,0,0,69.66666666666667,73,0,100,0,100,1,13,-16.5829,145.26145,20.5,1520,8.153,2189,Scl1,35,0.8205461000000001
mtlwsc,35,Eucalyptus_resinifera,0.5,22.6,23.7,S,top dead,NA,NA,NA,Eucalyptus resinifera,v1,192,23.25,0.4499999999999993,9.169039469246552,197,0.81,1,0,NA,0,NA,0,NA,0,NA,0,0,0,98.10126582278481,100,0,100,0,100,0,13,-16.5829,145.26145,20.5,1520,8.153,2189,Scl1,35,0.8205461000000001
mtlwsc,21,Litsea_leefeana,49,49.3,11.5,S,NA,NA,NA,NA,Litsea leefeana,v1,171,14.75,-3.25,5.526987574805708,209,0.71,1,0,NA,0,NA,0,NA,0,NA,5,0.08832845367325794,0.06,100,95,8,92,6,94,1,2,-16.5829,145.26145,20.5,1520,8.153,2189,Scl1,35,0.4270594375
mtlwsc,22,Lophostemon_suaveolens,41.7,32.9,11.3,S,NA,NA,NA,NA,Lophostemon suaveolens,v1,172,12.61,-1.3099999999999987,5.459525646229762,210,0.61,1,0,NA,0,NA,0,NA,0,NA,5,0.09963610244958532,0.05044247787610619,100,95,9,91,5,95,1,1,-16.5829,145.26145,20.5,1520,8.153,2189,Scl1,35,0.6692704536944445
pnw,1,Eucalyptus_cullenii,36.6,0.2,21.0084525,S,NA,NA,195 failed. no green leaf. termite mound,NA,Eucalyptus cullenii,v1,196,18.19,2.8184524999999994,8.427055305985876,232,0.51,0,0,NA,1,1730,0,NA,0,NA,30,0.17311774601134222,0.27095238095238094,86.5841974795621,70,17,83,27,73,1,37,-16.574017,144.9152,24.2,1448,4.135,812,Sav1,90,0.9771175
pnw,6,Eucalyptus_cullenii,18.3,21.3,31.8309886,S,NA,"drill above knot. no green leaf, fires",NA,NA,Eucalyptus cullenii,v1,199,28.73,3.100988600000001,11.271847097445118,254,0.55,1,0,NA,1,2550,0,NA,0,NA,51,0.17476830715850986,0.27489789506754636,90.25795698974929,49,17,83,27,73,1,37,-16.574017,144.9152,24.2,1448,4.135,812,Sav1,90,0.9771175
pnw,7,Eucalyptus_cullenii,27.8,13.1,18.4619734,S,NA,NA,NA,NA,Eucalyptus cullenii,v1,30,13.51,4.951973400000002,7.6982973985538505,221,0.1,1,1,229,0,NA,0,NA,0,NA,91,0.8714103824853786,0.3781148429035754,73.17744266709863,9,87,13,37,63,1,37,-16.574017,144.9152,24.2,1448,4.135,812,Sav1,90,0.9771175
pnw,9,Eucalyptus_cullenii,28.4,1.8,15.5971844,S,NA,NA,"fire stem, termite mound",NA,Eucalyptus cullenii,v1,194,13.79,1.8071844000000006,6.841200907874939,213,0.43,0,0,NA,1,1300,0,NA,0,NA,38,0.15034734344115286,0.3027581783194355,88.41339338143621,62,15,85,30,70,1,37,-16.574017,144.9152,24.2,1448,4.135,812,Sav1,90,0.9771175
pnw,10,Eucalyptus_cullenii,28.9,2.4,18.8121143,S,NA,NA,Looks dead/no leaves. Through,NA,Eucalyptus cullenii,v1,193,17.13,1.682114300000002,7.800210558271085,222,0.51,0,0,NA,0,NA,0,NA,0,NA,40,0.15651853713076186,0.31100478468899523,91.05834531315813,60,15,85,31,69,1,37,-16.574017,144.9152,24.2,1448,4.135,812,Sav1,90,0.9771175
pnw,12,Eucalyptus_cullenii,45.1,4.5,18.1754945,S,NA,NA,no green leaf,NA,Eucalyptus cullenii,v1,197,14.18,3.9954944999999995,7.614482008610372,220,0.81,1,0,NA,0,NA,0,NA,0,NA,28,0.05409798973611053,0.1507980187121629,78.01713455444087,72,5,95,15,85,1,37,-16.574017,144.9152,24.2,1448,4.135,812,Sav1,90,0.9771175
pnw,13,Eucalyptus_cullenii,47.4,13.5,12.0957757,S,"half dead, resprouting",NA,"fire scar, termites tracks. dead",NA,Eucalyptus cullenii,v1,202,10.79,1.3057757000000016,5.725898000725466,211,0.51,0,0,NA,0,NA,0,NA,0,NA,55,0.2882556491193812,0.3970223325062035,89.20469647928408,45,28,72,39,61,1,37,-16.574017,144.9152,24.2,1448,4.135,812,Sav1,90,0.9771175
pnw,14,Eucalyptus_cullenii,51.5,13.8,20.4036637,S,NA,NA,"termite tracks, fire scar",NA,Eucalyptus cullenii,v3,205,18.01,2.3936636999999976,8.256494761936462,228,0.51,0,0,NA,1,1776,0,NA,0,NA,0,0.5667996677135677,0.6176470588235294,88.26846131560188,100,56,44,61,39,0,37,-16.574017,144.9152,24.2,1448,4.135,812,Sav1,90,0.9771175
pnw,15,Eucalyptus_cullenii,54.7,17.8,14.2921139,S,NA,NA,termites tracks,NA,Eucalyptus cullenii,v1,206,13.01,1.2821139000000006,6.435281187894883,212,0.43,1,0,NA,1,1280,0,NA,0,NA,44,0.3962374257431024,0.4548635409377187,91.02922136661672,56,39,61,45,55,1,37,-16.574017,144.9152,24.2,1448,4.135,812,Sav1,90,0.9771175
pnw,16,Eucalyptus_cullenii,43.5,26.6,17.8253536,S,NA,NA,200 failed. termites track,NA,Eucalyptus cullenii,v2,201,16.32,1.5053535999999994,7.511500622456905,218,0.81,1,0,NA,0,NA,0,NA,0,NA,0,0.04278797103772496,0.1341189674523008,91.55498603965982,100,4,96,13,87,0,37,-16.574017,144.9152,24.2,1448,4.135,812,Sav1,90,0.9771175
pnw,17,Eucalyptus_cullenii,58.5,22.5,17.5707057,S,NA,NA,dead leaves,NA,Eucalyptus cullenii,v1,207,16.64,0.9307057000000007,7.436223653357585,216,0.41,1,0,NA,0,NA,0,NA,0,NA,45,0.21037698176205957,0.3682413204325555,94.70308298431064,55,21,79,36,64,1,37,-16.574017,144.9152,24.2,1448,4.135,812,Sav1,90,0.9771175
pnw,18,Eucalyptus_cullenii,62.8,25.7,23.3002837,S,NA,NA,fungi termite tracks,NA,Eucalyptus cullenii,v1,208,21.54,1.7602837000000022,9.060514219144524,238,0.51,0,0,NA,0,NA,0,NA,0,NA,0,0.3205027232648362,0.4605150214592275,92.44522632142886,100,32,68,46,54,0,37,-16.574017,144.9152,24.2,1448,4.135,812,Sav1,90,0.9771175
pnw,19,Eucalyptus_cullenii,64.5,20.5,17.8890156,S,NA,NA,termite tracks,NA,Eucalyptus cullenii,v1,209,15.26,2.6290156000000007,7.5302693362398925,219,0.51,0,0,NA,0,NA,0,NA,0,NA,52,0.2529438502670065,0.37304250559284113,85.30374360006707,48,25,75,37,63,1,37,-16.574017,144.9152,24.2,1448,4.135,812,Sav1,90,0.9771175
pnw,20,Eucalyptus_cullenii,67.7,16.4,22.6636639,S,NA,NA,termite tracks,NA,Eucalyptus cullenii,v1,210,21.44,1.2236638999999983,8.88650694653335,237,0.61,1,0,NA,1,1900,0,NA,0,NA,38,0.15931416519096248,0.30714916151809357,94.60076753079629,62,15,85,30,70,1,37,-16.574017,144.9152,24.2,1448,4.135,812,Sav1,90,0.9771175
pnw,21,Eucalyptus_cullenii,73.4,16.1,21.9633821,S,NA,NA,"211 failed, termite tracks",NA,Eucalyptus cullenii,v2,212,19.73,2.2333821,8.693395779903948,234,0.51,0,0,NA,0,NA,0,NA,0,NA,48,0.12673351075700007,0.23224043715846995,89.83133795227285,52,12,88,23,77,1,37,-16.574017,144.9152,24.2,1448,4.135,812,Sav1,90,0.9771175
pnw,22,Eucalyptus_cullenii,76.2,17.3,20.6901426,S,NA,NA,"termite mound on the base of tree, fire scar",NA,Eucalyptus cullenii,v1,213,17.74,2.950142600000003,8.337472965906617,231,0.51,0,0,NA,1,1750,0,NA,0,NA,0,0.3029817682371307,0.44127597873368773,85.74131335373201,100,30,70,44,56,0,37,-16.574017,144.9152,24.2,1448,4.135,812,Sav1,90,0.9771175
pnw,23,Eucalyptus_cullenii,79.7,20.7,20.6583116,S,NA,NA,"216 failed, termite tracks",NA,Eucalyptus cullenii,v2,217,17.74,2.9183116000000027,8.328492072236298,230,0.51,0,0,NA,1,1750,0,NA,0,NA,32,0.23446080656636997,0.33414043583535114,85.87342636462118,68,23,77,33,67,1,37,-16.574017,144.9152,24.2,1448,4.135,812,Sav1,90,0.9771175
pnw,24,Eucalyptus_cullenii,79.1,25,22.440847,S,NA,NA,214 failed,NA,Eucalyptus cullenii,v2,215,20.88,1.5608470000000025,8.825259235612485,236,0.51,0,0,NA,0,NA,0,NA,0,NA,44,0.19087715227593205,0.35650623885918004,93.0446163640793,56,19,81,35,65,1,37,-16.574017,144.9152,24.2,1448,4.135,812,Sav1,90,0.9771175
pnw,25,Eucalyptus_cullenii,88.7,23.6,16.2974662,S,NA,NA,termite tracks,NA,Eucalyptus cullenii,v1,218,14.56,1.7374661999999983,7.054789539853027,215,0.81,1,0,NA,0,NA,0,NA,0,NA,0,0,0,89.33904093631439,100,0,100,0,100,0,37,-16.574017,144.9152,24.2,1448,4.135,812,Sav1,90,0.9771175
pnw,26,Eucalyptus_cullenii,88.7,22.3,24.1597204,S,NA,NA,"219 failed, fire scar",NA,Eucalyptus cullenii,v2,220,20.96,3.1997204000000004,9.293179649655645,240,0.51,0,0,NA,0,NA,0,NA,0,NA,22,0.0439730532994635,0.13374741200828158,86.75597090105397,78,4,96,13,87,1,37,-16.574017,144.9152,24.2,1448,4.135,812,Sav1,90,0.9771175
pnw,28,Eucalyptus_cullenii,90.7,19.1,28.9661996,S,"forked, part of next one",NA,fire scar,NA,Eucalyptus cullenii,v1,223,21.91,7.056199599999999,10.551739558958051,244,0.41,1,0,NA,0,NA,0,NA,0,NA,60,0.38244797408618625,0.43473756906077343,75.63988477107642,40,38,62,43,57,1,37,-16.574017,144.9152,24.2,1448,4.135,812,Sav1,90,0.9771175
pnw,29,Eucalyptus_cullenii,90.7,19.1,29.9529603,S,"forked, part of previous one",NA,Fire scar. Termite mound. Automatic retration.,NA,Eucalyptus cullenii,v3,226,14.38,15.5729603,10.802090851519225,251,0.51,0,0,NA,0,NA,0,NA,0,NA,0,0.3726095234654635,0.3836393989983306,48.008610354282744,100,37,63,38,62,0,37,-16.574017,144.9152,24.2,1448,4.135,812,Sav1,90,0.9771175
pnw,30,Eucalyptus_cullenii,87.5,13.5,27.3746502,S,NA,NA,"229 failed, dead branches",NA,Eucalyptus cullenii,v2,230,24.58,2.794650200000003,10.142476376953445,243,0.51,0,0,NA,1,2380,0,NA,0,NA,33,0.1948652340057121,0.2835221044939715,89.7911016959771,67,19,81,28,72,1,37,-16.574017,144.9152,24.2,1448,4.135,812,Sav1,90,0.9771175
pnw,32,Eucalyptus_cullenii,86.7,15.7,19.3850721,S,NA,NA,termite tracks,NA,Eucalyptus cullenii,v2,228,19.21,0.17507209999999773,7.965759578445858,224,0.51,0,0,NA,0,NA,0,NA,0,NA,48,0.2300129391268037,0.41279669762641896,99.09687155612902,52,23,77,41,59,1,37,-16.574017,144.9152,24.2,1448,4.135,812,Sav1,90,0.9771175
pnw,33,Eucalyptus_cullenii,26.2,11.6,20.3718327,NA,NA,NA,NA,NA,Eucalyptus cullenii,v1,29,18.85,1.5218326999999974,8.247476194408863,225,0.51,0,0,NA,0,NA,0,NA,0,NA,37,0.2004849965714269,0.2970054000981836,92.5297211968563,63,20,80,29,71,1,37,-16.574017,144.9152,24.2,1448,4.135,812,Sav1,90,0.9771175
pnw,35,Eucalyptus_cullenii,36.8,12.2,26.7380304,NA,NA,NA,NA,NA,Eucalyptus cullenii,v1,32,22.12,4.6180303999999985,9.976784440582387,241,0.21,1,0,NA,0,NA,0,NA,0,NA,77,0.6078056544592639,0.5611672278338945,82.72860666655536,23,60,40,56,44,1,37,-16.574017,144.9152,24.2,1448,4.135,812,Sav1,90,0.9771175
pnw,NA,Eucalyptus_cullenii,5.3,2.3,30.2394392,S,NA,NA,visible termite damage,NA,Eucalyptus cullenii,v2,16,16.69,13.549439199999998,10.87430758188126,253,0.21,1,0,NA,0,NA,0,NA,0,NA,80,0.7128270062742997,0.3552762156797883,55.19282249123192,20,71,29,35,65,1,37,-16.574017,144.9152,24.2,1448,4.135,812,Sav1,90,0.9771175
pnw,31,Gardenia_vilhelmii,24.5,19.4,14.6422548,S,NA,NA,NA,NA,Gardenia vilhelmii,v1,27,13.51,1.1322548000000001,6.545239942692541,256,0.51,0,1,80,1,1128,0,NA,0,NA,15,0,0,92.26721010209438,85,0,100,0,100,1,1,-16.574017,144.9152,24.2,1448,4.135,812,Sav1,90,0.6721
pnw,2,Melaleuca_stenostachya,18.4,6.8,15.2788745,S,NA,NA,NA,NA,Melaleuca stenostachya,v1,22,13.13,2.1488745,6.743167606775463,258,0.51,0,0,NA,0,NA,0,NA,0,NA,0,0.11566892182927949,0.25016371971185325,85.93564925217495,100,11,89,25,75,0,3,-16.574017,144.9152,24.2,1448,4.135,812,Sav1,90,0.7405
pnw,27,Melaleuca_stenostachya,92.8,20.6,15.6290154,S,NA,NA,"221 failed, fire scar",NA,Melaleuca stenostachya,v2,222,15.64,-0.010984600000000455,6.85097106639971,260,0.91,1,0,NA,0,NA,0,NA,0,NA,6,0,0,100,94,0,100,0,100,1,3,-16.574017,144.9152,24.2,1448,4.135,812,Sav1,90,0.7405
pnw,36,Melaleuca_stenostachya,26,15.4,10.1859164,NA,NA,NA,NA,NA,Melaleuca stenostachya,v1,28,11.52,-1.3340835999999996,5.076917137915713,257,0.81,1,0,NA,0,NA,0,NA,0,NA,20,0.3209723142247036,0.1944990176817289,100,80,32,68,19,81,1,3,-16.574017,144.9152,24.2,1448,4.135,812,Sav1,90,0.7405
pnw,4,Terminalia_aridicola,4.5,12.9,12.7323954,S,NA,NA,NA,NA,Terminalia aridicola,v1,18,12.93,-0.19760460000000002,5.935223558569073,263,0.71,1,0,NA,0,NA,0,NA,0,NA,6,0,0,100,94,0,100,0,100,1,2,-16.574017,144.9152,24.2,1448,4.135,812,Sav1,90,0.654
pnw,8,Terminalia_aridicola,36.5,13.2,11.140846,S,NA,NA,"no leaf, standing dead. fire scar",NA,Terminalia aridicola,v1,31,11.71,-0.569154000000001,5.405585235486964,261,0.51,0,0,NA,0,NA,0,NA,0,NA,41,0.18322948160745775,0.3617594254937163,100,59,18,82,36,64,1,2,-16.574017,144.9152,24.2,1448,4.135,812,Sav1,90,0.654
stck,3,Acacia_disparrima,6.2,42.5,20.9,S,NA,NA,"fire scar, dead branches",NA,Racosperma disparrimum,v1,240,16.01,4.889999999999997,8.396579422252906,310,0.51,0,0,NA,0,NA,0,NA,0,NA,0,0,0,76.60287081339715,100,0,100,0,100,0,3,-16.611817,145.240833,23.2,1728,7.628,1129,Sav2,60,0.6097
stck,4,Acacia_disparrima,6.2,42.5,10.5,S,NA,NA,"fire scar, dead branches",NA,Racosperma disparrimum,v1,241,10.47,0.02999999999999936,5.185999963168829,308,0.71,1,0,NA,0,NA,0,NA,0,NA,30,0,0,99.71428571428571,70,0,100,0,100,1,3,-16.611817,145.240833,23.2,1728,7.628,1129,Sav2,60,0.6097
stck,29,Acacia_disparrima,49.1,16.1,11,S,NA,NA,some dead branches. fire scar. termite track.,NA,Racosperma disparrimum,v1,271,11.19,-0.1899999999999995,5.357656669484113,309,0.91,1,1,71,1,912,0,NA,0,NA,0,0,0,100,100,0,100,0,100,0,3,-16.611817,145.240833,23.2,1728,7.628,1129,Sav2,60,0.6097
stck,21,Brachychiton_diversifolius,17.9,13.3,39.3,S,NA,NA,"258 and 259 both failed. termite tracks, very low wood density. slower speed 2000 rpm.",NA,Brachychiton diversifolius,v4,263,37.29,2.009999999999998,13.063958293827747,267,0.91,1,0,NA,0,NA,0,NA,0,NA,3,0.05094759037486355,0.02442748091603053,94.885496183206115,97,5,95,2,98,1,1,-16.611817,145.240833,23.2,1728,7.628,1129,Sav2,60,0.387225
stck,6,Callitris_intratropica,21.9,49.7,22.8,S,NA,NA,fire scar. termite tracks,NA,Callitris columellaris,v1,281,22.89,-0.08999999999999986,8.923893792556171,268,0.81,1,0,NA,0,NA,0,NA,0,NA,1,0,0,100,99,0,100,0,100,1,1,-16.611817,145.240833,23.2,1728,7.628,1129,Sav2,60,0.5530328371730769
stck,5,Corymbia_clarksoniana,11,48,16.7,S,"check id, no height",NA,NA,NA,Corymbia clarksoniana,v2,239,16.62,0.0799999999999983,7.1763155990913345,273,0.71,1,0,NA,0,NA,0,NA,0,NA,0,0,0,99.52095808383234,100,0,100,0,100,0,10,-16.611817,145.240833,23.2,1728,7.628,1129,Sav2,60,0.8453
stck,7,Corymbia_clarksoniana,12.9,39,35.2,S,NA,NA,big fungi. termite tracks. fire scar,NA,Corymbia clarksoniana,v1,242,33.76,1.4400000000000048,12.094275697625513,284,0.51,0,0,NA,0,NA,0,NA,0,NA,0,0.2455548537050096,0.32670454545454547,95.9090909090909,100,24,76,32,68,0,10,-16.611817,145.240833,23.2,1728,7.628,1129,Sav2,60,0.8453
stck,8,Corymbia_clarksoniana,15.8,37.2,21.1,S,NA,NA,"failed, some dead branches, fire scar at bottom",NA,Corymbia clarksoniana,v2,244,23.12,-2.0199999999999996,8.45274405033699,278,0.81,1,0,NA,0,NA,0,NA,0,NA,16,0.26983816094270185,0.16350710900473933,100,84,26,74,16,84,1,10,-16.611817,145.240833,23.2,1728,7.628,1129,Sav2,60,0.8453
stck,9,Corymbia_clarksoniana,29.3,29.5,16.2,S,NA,NA,"fire scar, termite tracks, alive termite.",NA,Corymbia clarksoniana,v1,279,19.87,-3.6700000000000017,7.025229400533308,271,0.61,1,0,NA,0,NA,0,NA,0,NA,38,0.21303323189110537,0.21913580246913583,100,62,21,79,21,79,1,10,-16.611817,145.240833,23.2,1728,7.628,1129,Sav2,60,0.8453
stck,12,Corymbia_clarksoniana,21.8,18.5,27,S,NA,NA,fire scar. termite tracks. drilling above the knot. 261 failed- fungi.,NA,Corymbia clarksoniana,v2,262,33.63,-6.630000000000003,10.045108566305139,282,0.51,0,0,NA,0,NA,0,NA,0,NA,0,0.5762791421322657,0.8411111111111111,100,100,57,43,84,16,0,10,-16.611817,145.240833,23.2,1728,7.628,1129,Sav2,60,0.8453
stck,13,Corymbia_clarksoniana,13,23.1,17.8,S,NA,NA,termite tracks,NA,Corymbia clarksoniana,v1,245,17.19,0.6099999999999994,7.504020323896421,274,0.51,0,0,NA,0,NA,0,NA,0,NA,0,0,0,96.57303370786518,100,0,100,0,100,0,10,-16.611817,145.240833,23.2,1728,7.628,1129,Sav2,60,0.8453
stck,18,Corymbia_clarksoniana,1,1,14.6,S,NA,NA,252 failed. termite tracks,NA,Corymbia clarksoniana,v2,253,13.39,1.209999999999999,6.532012378098066,270,0.81,1,0,NA,0,NA,0,NA,0,NA,2,0,0,91.7123287671233,98,0,100,0,100,1,10,-16.611817,145.240833,23.2,1728,7.628,1129,Sav2,60,0.8453
stck,19,Corymbia_clarksoniana,15.8,2.6,19.7,S,NA,NA,"255 failed, fire scar in the base. little dead branches. 256- termite tracks.",NA,Corymbia clarksoniana,v2,256,18.66,1.0399999999999991,8.056128007670834,276,1,1,0,NA,0,NA,0,NA,0,NA,15,0,0,94.72081218274111,85,0,100,0,100,1,10,-16.611817,145.240833,23.2,1728,7.628,1129,Sav2,60,0.8453
stck,22,Corymbia_clarksoniana,23.3,12,22.7,S,NA,NA,264 failed. very big fire scar. termite mound and tracks.,NA,Corymbia clarksoniana,v2,265,22.53,0.16999999999999815,8.89647781372597,280,0.31,1,1,315,1,1965,0,NA,0,NA,65,0.4376479329761889,0.47488986784140974,99.2511013215859,35,43,57,47,53,1,10,-16.611817,145.240833,23.2,1728,7.628,1129,Sav2,60,0.8453
stck,25,Corymbia_clarksoniana,48.1,5.2,32.9,S,NA,NA,fire scar. termite tracks.,NA,Corymbia clarksoniana,v1,267,33.04,-0.14000000000000057,11.535518726935106,283,0.71,1,0,NA,0,NA,0,NA,0,NA,34,0.02461107651001575,0.1413373860182371,100,66,2,98,14,86,1,10,-16.611817,145.240833,23.2,1728,7.628,1129,Sav2,60,0.8453
stck,1,Eucalyptus_cullenii,1.2,46.5,32.5,S,NA,NA,231 failed overload niddle broken. termite tracks. fire scar,NA,Eucalyptus cullenii,v1,231,24.07,8.43,11.437164107669904,294,0.45,1,0,NA,0,NA,0,NA,0,NA,57,0.3860077445856581,0.4064615384615385,74.06153846153846,43,38,62,40,60,1,37,-16.611817,145.240833,23.2,1728,7.628,1129,Sav2,60,0.9771175
stck,2,Eucalyptus_cullenii,4.5,46.2,43.2,S,NA,NA,233 failed. 237 overload. 234 and 235 resdistribution. termite mound. fire scar at the bottom. some dead branches.,NA,Eucalyptus cullenii,v5,235,37.06,6.140000000000001,13.958495881834146,301,0.51,0,1,426,1,3392,0,NA,0,NA,32,0,0,100,68,0,100,0,100,1,37,-16.611817,145.240833,23.2,1728,7.628,1129,Sav2,60,0.9771175
stck,11,Eucalyptus_cullenii,18.3,24.8,24.5,NA,NA,NA,"276 failed. fire scar, termite mound, some dead branches.",NA,Eucalyptus cullenii,v2,277,26.53,-2.030000000000001,9.384610645514915,292,0.51,0,0,NA,0,NA,0,NA,0,NA,52,0.4405396880171753,0.5044897959183674,100,48,44,56,50,50,1,37,-16.611817,145.240833,23.2,1728,7.628,1129,Sav2,60,0.9771175
stck,15,Eucalyptus_cullenii,6.5,14.6,43,S,termite nest,NA,dead branches. fire scar at bottom and termite tracks,NA,Eucalyptus cullenii,v1,247,40.38,2.6199999999999974,13.91322853856461,296,0.51,0,1,642,1,3648,0,NA,0,NA,55,0.0924098174513058,0.14976744186046512,93.90697674418605,45,9,91,14,86,1,37,-16.611817,145.240833,23.2,1728,7.628,1129,Sav2,60,0.9771175
stck,17,Eucalyptus_cullenii,4,3.9,13.9,S,NA,NA,"250, 249 failed. damage. nest of cats at 1.8m. resin formed at wound.",NA,Eucalyptus cullenii,v3,251,12.27,1.6300000000000008,6.311176997591772,289,0.71,1,0,NA,1,1190,0,NA,0,NA,23,0.14182344951225553,0.22014388489208633,88.27338129496403,77,14,86,22,78,1,37,-16.611817,145.240833,23.2,1728,7.628,1129,Sav2,60,0.9771175
stck,20,Eucalyptus_cullenii,12.9,7.7,15.3,S,NA,NA,"termite tracks, little fungi, some dead branches.",NA,Eucalyptus cullenii,v1,254,13.2,2.1000000000000014,6.749692713207101,290,0.81,1,0,NA,1,1230,0,NA,0,NA,5,0,0,86.27450980392156,95,0,100,0,100,1,37,-16.611817,145.240833,23.2,1728,7.628,1129,Sav2,60,0.9771175
stck,23,Eucalyptus_cullenii,26,16.4,26.2,S,NA,NA,fire scar. termite tracks.,NA,Eucalyptus cullenii,v1,266,23.03,3.169999999999998,9.835827509380358,293,0.65,1,0,NA,1,2221,0,NA,0,NA,35,0.14029609489993589,0.28969465648854964,87.90076335877863,65,14,86,28,72,1,37,-16.611817,145.240833,23.2,1728,7.628,1129,Sav2,60,0.9771175
stck,26,Eucalyptus_cullenii,42.7,14.1,45.4,S,NA,NA,termite tracks. some dead branches,NA,Eucalyptus cullenii,v1,268,33.68,11.719999999999999,14.452370846658003,303,0.51,0,1,457,1,3069,0,NA,0,NA,50,0.24183704107097925,0.2581497797356828,100,50,24,76,25,75,1,37,-16.611817,145.240833,23.2,1728,7.628,1129,Sav2,60,0.9771175
stck,32,Eucalyptus_cullenii,36,17.9,11.5,S,NA,NA,274 failed. fire scar. damage. dead branches,NA,Eucalyptus cullenii,v2,275,11.12,0.3800000000000008,5.526987574805708,286,0.81,1,0,NA,0,NA,0,NA,0,NA,10,0,0,96.69565217391305,90,0,100,0,100,1,37,-16.611817,145.240833,23.2,1728,7.628,1129,Sav2,60,0.9771175
stck,33,Eucalyptus_cullenii,47,45,45.3,S,NA,NA,dead branches. fire scar. termite tracks,NA,Eucalyptus cullenii,v1,280,39.59,5.709999999999994,14.430080086094707,302,0.41,0,1,178,1,3568,0,NA,0,NA,60,0.1064007690493076,0.24238410596026488,100,40,10,90,24,76,1,37,-16.611817,145.240833,23.2,1728,7.628,1129,Sav2,60,0.9771175
stck,24,Ficus_opposita,26.7,6.1,17.2,S,NA,NA,no leaves,NA,Ficus opposita,v1,257,16.1,1.0999999999999979,7.32605058120068,304,0.51,0,0,NA,1,1219,0,NA,0,NA,51,0.2745048233779819,0.3412790697674419,93.60465116279072,49,27,73,34,66,1,1,-16.611817,145.240833,23.2,1728,7.628,1129,Sav2,60,0.441
stck,14,Larsenaikia_ochreata,6,16.7,11.4,S,NA,NA,no leaves,NA,Larsenaikia ochreata,v1,246,10.86,0.5400000000000009,5.493300993994454,305,1,1,1,120,0,NA,0,NA,0,NA,0,0,0,95.26315789473684,100,0,100,0,100,0,3,-16.611817,145.240833,23.2,1728,7.628,1129,Sav2,60,0.6663
stck,27,Larsenaikia_ochreata,40.5,14.8,16,S,dbh taken below fork,NA,termite tracks,NA,Larsenaikia ochreata,v1,269,14.51,1.4900000000000002,6.964404506368992,307,0.51,0,1,104,0,NA,0,NA,0,NA,28,0,0,90.6875,72,0,100,0,100,1,3,-16.611817,145.240833,23.2,1728,7.628,1129,Sav2,60,0.6663
stck,31,Larsenaikia_ochreata,35.5,23,12.1,S,NA,NA,dead branches. termite tracks,NA,Larsenaikia ochreata,v1,273,12.57,-0.47000000000000064,5.727297716728121,306,0.51,0,1,108,1,1084,0,NA,0,NA,25,0,0,100,75,0,100,0,100,1,3,-16.611817,145.240833,23.2,1728,7.628,1129,Sav2,60,0.6663
stck,10,Santalum_acuminatum,26.3,26.5,24.1,S,NA,NA,"termite tracks, fire scar.",NA,Santalum acuminatum,v1,278,24.06,0.0400000000000027,9.277093416859154,312,0.71,1,1,126,1,2111,0,NA,0,NA,0,0,0,99.83402489626556,100,0,100,0,100,0,2,-16.611817,145.240833,23.2,1728,7.628,1129,Sav2,60,0.6768730000000001
stck,16,Santalum_acuminatum,6.5,11.6,13.7,S,NA,NA,termite at base. fire scar,NA,Santalum acuminatum,v1,248,13.08,0.6199999999999992,6.247473131165166,311,0.71,1,1,101,0,NA,0,NA,0,NA,25,0,0,95.47445255474453,75,0,100,0,100,1,2,-16.611817,145.240833,23.2,1728,7.628,1129,Sav2,60,0.6768730000000001
stck,28,Terminalia_subacroptera,49.9,15.3,24.6,S,NA,NA,termite tracks. fungi. lots of damage.,NA,Terminalia subacroptera,v1,270,25.58,-0.9799999999999969,9.411407431526825,314,0.51,0,0,NA,0,NA,0,NA,0,NA,7,0,0,100,93,0,100,0,100,1,2,-16.611817,145.240833,23.2,1728,7.628,1129,Sav2,60,0.654
stck,30,Terminalia_subacroptera,37.5,22.2,16.1,S,NA,NA,fire scar,NA,Terminalia subacroptera,v1,272,19.5,-3.3999999999999986,6.994845288230496,313,0.71,1,1,148,1,1685,0,NA,0,NA,14,0,0,100,86,0,100,0,100,1,2,-16.611817,145.240833,23.2,1728,7.628,1129,Sav2,60,0.654
